Africa/Johannesburg,Open,High,Low,Close,Volume
2026-06-30T00:00:00+02:00,1.42072,1.42093,1.4206699999999999,1.42092,25
2026-06-30T00:01:00+02:00,1.42092,1.42096,1.42092,1.4209399999999999,10
2026-06-30T00:02:00+02:00,1.4209399999999999,1.42096,1.4209399999999999,1.4209399999999999,4
2026-06-30T00:03:00+02:00,1.42093,1.42093,1.42088,1.42089,7
2026-06-30T00:04:00+02:00,1.42089,1.42089,1.42087,1.42088,4
2026-06-30T00:05:00+02:00,1.42088,1.42089,1.42088,1.42089,2
2026-06-30T00:06:00+02:00,1.42089,1.42089,1.42089,1.42089,1
2026-06-30T00:07:00+02:00,1.42089,1.42089,1.4208,1.4208,4
2026-06-30T00:08:00+02:00,1.4208,1.4208,1.42071,1.42071,4
2026-06-30T00:09:00+02:00,1.42071,1.42071,1.42071,1.42071,1
2026-06-30T00:10:00+02:00,1.42071,1.42071,1.4207,1.4207,2
2026-06-30T00:11:00+02:00,1.4207,1.42071,1.4207,1.42071,2
2026-06-30T00:12:00+02:00,1.42071,1.42071,1.4207,1.4207,2
2026-06-30T00:13:00+02:00,1.4207,1.4207,1.4207,1.4207,1
2026-06-30T00:14:00+02:00,1.4207,1.42071,1.4207,1.42071,2
2026-06-30T00:15:00+02:00,1.42071,1.42071,1.42053,1.42054,8
2026-06-30T00:16:00+02:00,1.42054,1.42056,1.42054,1.42054,5
2026-06-30T00:17:00+02:00,1.42054,1.4205999999999999,1.42052,1.42054,7
2026-06-30T00:18:00+02:00,1.42054,1.42055,1.42052,1.42052,4
2026-06-30T00:19:00+02:00,1.42052,1.42053,1.4205,1.4205,5
2026-06-30T00:20:00+02:00,1.4205,1.42056,1.4205,1.42054,6
2026-06-30T00:21:00+02:00,1.42054,1.42054,1.42054,1.42054,1
2026-06-30T00:22:00+02:00,1.42054,1.42056,1.42054,1.42056,2
2026-06-30T00:23:00+02:00,1.42056,1.42058,1.42054,1.42057,6
2026-06-30T00:24:00+02:00,1.42057,1.42058,1.42057,1.42057,3
2026-06-30T00:25:00+02:00,1.42057,1.42058,1.42057,1.42057,3
2026-06-30T00:26:00+02:00,1.42057,1.42065,1.42057,1.42065,5
2026-06-30T00:27:00+02:00,1.42065,1.42065,1.42063,1.42063,2
2026-06-30T00:28:00+02:00,1.42063,1.42063,1.42063,1.42063,1
2026-06-30T00:29:00+02:00,1.42063,1.42063,1.42063,1.42063,1
2026-06-30T00:30:00+02:00,1.42063,1.42063,1.42062,1.42062,2
2026-06-30T00:31:00+02:00,1.42062,1.42063,1.42062,1.42062,3
2026-06-30T00:32:00+02:00,1.42062,1.4207,1.42062,1.42069,6
2026-06-30T00:33:00+02:00,1.42069,1.4207,1.42069,1.4207,2
2026-06-30T00:34:00+02:00,1.4207,1.42073,1.4207,1.42073,3
2026-06-30T00:35:00+02:00,1.42073,1.42073,1.42073,1.42073,1
2026-06-30T00:36:00+02:00,1.42073,1.42077,1.42072,1.42073,6
2026-06-30T00:37:00+02:00,1.42073,1.42073,1.42072,1.42072,2
2026-06-30T00:38:00+02:00,1.42072,1.42072,1.42068,1.42069,6
2026-06-30T00:39:00+02:00,1.42069,1.42072,1.42069,1.42071,4
2026-06-30T00:40:00+02:00,1.42071,1.42072,1.4207,1.4207,4
2026-06-30T00:41:00+02:00,1.4207,1.4207,1.42062,1.42062,6
2026-06-30T00:42:00+02:00,1.42062,1.42068,1.42062,1.42068,8
2026-06-30T00:43:00+02:00,1.42068,1.42068,1.4206699999999999,1.4206699999999999,2
2026-06-30T00:44:00+02:00,1.4206699999999999,1.42069,1.4206699999999999,1.42069,3
2026-06-30T00:45:00+02:00,1.42069,1.42069,1.42068,1.42068,2
2026-06-30T00:46:00+02:00,1.42068,1.42068,1.42068,1.42068,1
2026-06-30T00:47:00+02:00,1.42068,1.42068,1.42068,1.42068,1
2026-06-30T00:48:00+02:00,1.42068,1.42068,1.42068,1.42068,1
2026-06-30T00:49:00+02:00,1.42068,1.42068,1.42068,1.42068,1
2026-06-30T00:50:00+02:00,1.42068,1.42068,1.42068,1.42068,1
2026-06-30T00:51:00+02:00,1.42068,1.42068,1.42068,1.42068,1
2026-06-30T00:52:00+02:00,1.42068,1.42068,1.4206400000000001,1.4206400000000001,4
2026-06-30T00:53:00+02:00,1.42063,1.42063,1.42062,1.42062,2
2026-06-30T00:54:00+02:00,1.42062,1.42063,1.4205999999999999,1.4205999999999999,4
2026-06-30T00:55:00+02:00,1.42061,1.4206400000000001,1.42061,1.4206400000000001,3
2026-06-30T00:56:00+02:00,1.42065,1.42065,1.42028,1.42036,33
2026-06-30T00:57:00+02:00,1.42036,1.42042,1.42022,1.42036,36
2026-06-30T00:58:00+02:00,1.42035,1.42036,1.42017,1.42017,36
2026-06-30T00:59:00+02:00,1.42017,1.42027,1.42004,1.42008,53
2026-06-30T01:00:00+02:00,1.42009,1.42018,1.42009,1.42011,29
2026-06-30T01:01:00+02:00,1.42011,1.42012,1.41994,1.41996,29
2026-06-30T01:02:00+02:00,1.41996,1.42031,1.41996,1.42031,38
2026-06-30T01:03:00+02:00,1.42031,1.42031,1.4203000000000001,1.42031,3
2026-06-30T01:04:00+02:00,1.42031,1.42039,1.42031,1.42039,10
2026-06-30T01:05:00+02:00,1.42038,1.42041,1.4203700000000001,1.42038,14
2026-06-30T01:06:00+02:00,1.42038,1.42045,1.42036,1.42041,11
2026-06-30T01:07:00+02:00,1.42041,1.42042,1.4203700000000001,1.42042,9
2026-06-30T01:08:00+02:00,1.42042,1.42042,1.4203700000000001,1.4203999999999999,6
2026-06-30T01:09:00+02:00,1.4203999999999999,1.4203999999999999,1.42039,1.4203999999999999,3
2026-06-30T01:10:00+02:00,1.4203999999999999,1.4205,1.4203999999999999,1.42049,8
2026-06-30T01:11:00+02:00,1.42049,1.42056,1.42049,1.42056,8
2026-06-30T01:12:00+02:00,1.42057,1.4205999999999999,1.42057,1.4205999999999999,10
2026-06-30T01:13:00+02:00,1.4205999999999999,1.4205999999999999,1.42059,1.42059,6
2026-06-30T01:14:00+02:00,1.42059,1.42062,1.42055,1.42055,9
2026-06-30T01:15:00+02:00,1.42055,1.42063,1.42055,1.42061,12
2026-06-30T01:16:00+02:00,1.42061,1.42062,1.42058,1.42058,9
2026-06-30T01:17:00+02:00,1.42058,1.42058,1.4205,1.42051,10
2026-06-30T01:18:00+02:00,1.42051,1.42051,1.42049,1.42049,4
2026-06-30T01:19:00+02:00,1.42049,1.42052,1.42049,1.42052,6
2026-06-30T01:20:00+02:00,1.42052,1.42052,1.4205,1.42051,4
2026-06-30T01:21:00+02:00,1.42051,1.42055,1.4205,1.42054,5
2026-06-30T01:22:00+02:00,1.42054,1.42054,1.42054,1.42054,1
2026-06-30T01:23:00+02:00,1.42054,1.42057,1.42054,1.42057,3
2026-06-30T01:24:00+02:00,1.42057,1.42061,1.42057,1.42061,7
2026-06-30T01:25:00+02:00,1.4205999999999999,1.42061,1.4205999999999999,1.42061,2
2026-06-30T01:26:00+02:00,1.42061,1.42062,1.42061,1.42062,2
2026-06-30T01:27:00+02:00,1.42062,1.42062,1.42062,1.42062,1
2026-06-30T01:28:00+02:00,1.42062,1.4206699999999999,1.42062,1.4206699999999999,4
2026-06-30T01:29:00+02:00,1.4206699999999999,1.42068,1.4206699999999999,1.42068,2
2026-06-30T01:30:00+02:00,1.42068,1.42068,1.4206699999999999,1.42068,3
2026-06-30T01:31:00+02:00,1.42068,1.42068,1.42063,1.42063,8
2026-06-30T01:32:00+02:00,1.42062,1.42062,1.42054,1.42056,9
2026-06-30T01:33:00+02:00,1.42057,1.42061,1.42057,1.42061,4
2026-06-30T01:34:00+02:00,1.42061,1.42061,1.42061,1.42061,1
2026-06-30T01:35:00+02:00,1.42061,1.4206400000000001,1.42061,1.4206400000000001,8
2026-06-30T01:36:00+02:00,1.4206400000000001,1.42068,1.42063,1.42068,5
2026-06-30T01:37:00+02:00,1.42068,1.42071,1.42068,1.4207,4
2026-06-30T01:38:00+02:00,1.4207,1.4207,1.42062,1.42069,10
2026-06-30T01:39:00+02:00,1.42069,1.4207,1.42066,1.4207,8
2026-06-30T01:40:00+02:00,1.4207,1.42071,1.42069,1.42069,6
2026-06-30T01:41:00+02:00,1.42069,1.42071,1.42069,1.42071,3
2026-06-30T01:42:00+02:00,1.42071,1.42071,1.42071,1.42071,1
2026-06-30T01:43:00+02:00,1.42071,1.42072,1.4207,1.42072,6
2026-06-30T01:44:00+02:00,1.42072,1.42072,1.42071,1.42071,2
2026-06-30T01:45:00+02:00,1.42071,1.42086,1.42071,1.42085,17
2026-06-30T01:46:00+02:00,1.42085,1.42086,1.42083,1.42086,7
2026-06-30T01:47:00+02:00,1.42086,1.42087,1.42086,1.42087,2
2026-06-30T01:48:00+02:00,1.42087,1.42087,1.42087,1.42087,1
2026-06-30T01:49:00+02:00,1.42087,1.4209,1.42083,1.42083,7
2026-06-30T01:50:00+02:00,1.42082,1.42082,1.4208,1.42081,4
2026-06-30T01:51:00+02:00,1.42081,1.42081,1.42081,1.42081,1
2026-06-30T01:52:00+02:00,1.42081,1.42082,1.42081,1.42082,2
2026-06-30T01:53:00+02:00,1.42082,1.42082,1.42078,1.42081,8
2026-06-30T01:54:00+02:00,1.42081,1.42081,1.42078,1.42081,9
2026-06-30T01:55:00+02:00,1.42081,1.42082,1.4208,1.42081,7
2026-06-30T01:56:00+02:00,1.42081,1.42089,1.42081,1.42088,8
2026-06-30T01:57:00+02:00,1.4209,1.421,1.4209,1.421,15
2026-06-30T01:58:00+02:00,1.421,1.42103,1.421,1.4210099999999999,6
2026-06-30T01:59:00+02:00,1.4210099999999999,1.42103,1.421,1.42103,7
2026-06-30T02:00:00+02:00,1.42102,1.4212099999999999,1.421,1.4212099999999999,26
2026-06-30T02:01:00+02:00,1.4212099999999999,1.4215200000000001,1.4212,1.42151,25
2026-06-30T02:02:00+02:00,1.42151,1.42151,1.4214,1.42148,24
2026-06-30T02:03:00+02:00,1.42149,1.4215900000000001,1.42149,1.42156,16
2026-06-30T02:04:00+02:00,1.42157,1.42158,1.42142,1.42142,15
2026-06-30T02:05:00+02:00,1.42141,1.42153,1.42141,1.4215,9
2026-06-30T02:06:00+02:00,1.4215,1.4215900000000001,1.42135,1.4215900000000001,25
2026-06-30T02:07:00+02:00,1.4215900000000001,1.42161,1.4215200000000001,1.4215900000000001,14
2026-06-30T02:08:00+02:00,1.42161,1.42165,1.42161,1.42161,11
2026-06-30T02:09:00+02:00,1.42161,1.42163,1.4216,1.4216199999999999,10
2026-06-30T02:10:00+02:00,1.4216199999999999,1.4216199999999999,1.4215200000000001,1.4215200000000001,14
2026-06-30T02:11:00+02:00,1.4215200000000001,1.42153,1.42147,1.4215200000000001,13
2026-06-30T02:12:00+02:00,1.42151,1.4215200000000001,1.42142,1.42146,12
2026-06-30T02:13:00+02:00,1.42146,1.42151,1.42134,1.42134,13
2026-06-30T02:14:00+02:00,1.42134,1.42144,1.42134,1.42144,12
2026-06-30T02:15:00+02:00,1.42143,1.42148,1.42143,1.42148,11
2026-06-30T02:16:00+02:00,1.42148,1.4215,1.42142,1.4215,16
2026-06-30T02:17:00+02:00,1.4215,1.4215,1.42145,1.42146,15
2026-06-30T02:18:00+02:00,1.42146,1.42154,1.42146,1.42154,10
2026-06-30T02:19:00+02:00,1.42154,1.42154,1.4215,1.42153,7
2026-06-30T02:20:00+02:00,1.42153,1.42153,1.4215,1.42153,5
2026-06-30T02:21:00+02:00,1.42153,1.4215499999999999,1.42142,1.42151,15
2026-06-30T02:22:00+02:00,1.42151,1.42153,1.42148,1.4215,11
2026-06-30T02:23:00+02:00,1.4215,1.4215200000000001,1.42149,1.4215200000000001,5
2026-06-30T02:24:00+02:00,1.4215200000000001,1.4215200000000001,1.4215,1.42151,9
2026-06-30T02:25:00+02:00,1.42151,1.42151,1.42146,1.42147,14
2026-06-30T02:26:00+02:00,1.42147,1.42151,1.42143,1.4215,9
2026-06-30T02:27:00+02:00,1.42149,1.42157,1.42149,1.42157,16
2026-06-30T02:28:00+02:00,1.42157,1.42163,1.42157,1.42163,11
2026-06-30T02:29:00+02:00,1.42163,1.4217,1.4216,1.4216,19
2026-06-30T02:30:00+02:00,1.4216,1.4216,1.42148,1.42148,13
2026-06-30T02:31:00+02:00,1.42148,1.4215,1.42139,1.4215,15
2026-06-30T02:32:00+02:00,1.4215,1.4215200000000001,1.42147,1.42151,18
2026-06-30T02:33:00+02:00,1.42153,1.42154,1.42151,1.42154,7
2026-06-30T02:34:00+02:00,1.4215499999999999,1.42156,1.4215,1.4215,16
2026-06-30T02:35:00+02:00,1.4215,1.4215,1.42139,1.4214,14
2026-06-30T02:36:00+02:00,1.4214,1.42146,1.4214,1.42141,12
2026-06-30T02:37:00+02:00,1.42141,1.42146,1.42141,1.42142,11
2026-06-30T02:38:00+02:00,1.42142,1.4215,1.42142,1.42146,12
2026-06-30T02:39:00+02:00,1.42146,1.42146,1.42141,1.42146,16
2026-06-30T02:40:00+02:00,1.42146,1.4215499999999999,1.42144,1.42153,17
2026-06-30T02:41:00+02:00,1.4215200000000001,1.42153,1.4215,1.4215200000000001,12
2026-06-30T02:42:00+02:00,1.4215200000000001,1.42156,1.4215200000000001,1.42156,13
2026-06-30T02:43:00+02:00,1.42156,1.42156,1.4215499999999999,1.4215499999999999,6
2026-06-30T02:44:00+02:00,1.4215499999999999,1.42157,1.42154,1.42154,7
2026-06-30T02:45:00+02:00,1.42156,1.42158,1.42153,1.42153,15
2026-06-30T02:46:00+02:00,1.42153,1.4215900000000001,1.42153,1.42157,10
2026-06-30T02:47:00+02:00,1.42157,1.4216199999999999,1.42157,1.42161,9
2026-06-30T02:48:00+02:00,1.42161,1.42161,1.4216,1.42161,9
2026-06-30T02:49:00+02:00,1.42161,1.42163,1.42161,1.42161,8
2026-06-30T02:50:00+02:00,1.42161,1.4216199999999999,1.42154,1.4216,17
2026-06-30T02:51:00+02:00,1.4216,1.4216,1.42147,1.42149,12
2026-06-30T02:52:00+02:00,1.42149,1.42184,1.42149,1.42184,34
2026-06-30T02:53:00+02:00,1.42184,1.42195,1.4218199999999999,1.42195,19
2026-06-30T02:54:00+02:00,1.42195,1.42222,1.42194,1.42212,48
2026-06-30T02:55:00+02:00,1.42214,1.42224,1.42206,1.4221300000000001,48
2026-06-30T02:56:00+02:00,1.42215,1.42217,1.4218899999999999,1.42202,34
2026-06-30T02:57:00+02:00,1.42203,1.42203,1.4216199999999999,1.42171,35
2026-06-30T02:58:00+02:00,1.42171,1.42174,1.4215900000000001,1.4215900000000001,21
2026-06-30T02:59:00+02:00,1.4216,1.42164,1.4215900000000001,1.4216,13
2026-06-30T03:00:00+02:00,1.42161,1.4216199999999999,1.42145,1.4216,32
2026-06-30T03:01:00+02:00,1.4215900000000001,1.42163,1.42158,1.4216,16
2026-06-30T03:02:00+02:00,1.4216,1.42169,1.4216,1.42165,21
2026-06-30T03:03:00+02:00,1.42165,1.42167,1.42157,1.42165,25
2026-06-30T03:04:00+02:00,1.42166,1.42178,1.42165,1.42178,17
2026-06-30T03:05:00+02:00,1.42178,1.42195,1.42177,1.42195,22
2026-06-30T03:06:00+02:00,1.42195,1.42198,1.42191,1.42197,15
2026-06-30T03:07:00+02:00,1.42198,1.4221300000000001,1.4219300000000001,1.42211,35
2026-06-30T03:08:00+02:00,1.4221300000000001,1.42219,1.42202,1.42208,25
2026-06-30T03:09:00+02:00,1.42209,1.42212,1.42207,1.42207,13
2026-06-30T03:10:00+02:00,1.42206,1.42212,1.42202,1.42212,26
2026-06-30T03:11:00+02:00,1.4221300000000001,1.42219,1.42212,1.42219,20
2026-06-30T03:12:00+02:00,1.42218,1.42224,1.42217,1.42221,25
2026-06-30T03:13:00+02:00,1.42222,1.42229,1.4222000000000001,1.4222000000000001,22
2026-06-30T03:14:00+02:00,1.42222,1.42227,1.42218,1.42221,22
2026-06-30T03:15:00+02:00,1.4222000000000001,1.42222,1.42203,1.42204,33
2026-06-30T03:16:00+02:00,1.42203,1.42211,1.42192,1.42195,31
2026-06-30T03:17:00+02:00,1.4219300000000001,1.42197,1.4218899999999999,1.4218899999999999,30
2026-06-30T03:18:00+02:00,1.42188,1.422,1.42187,1.42199,20
2026-06-30T03:19:00+02:00,1.42199,1.42204,1.42197,1.422,14
2026-06-30T03:20:00+02:00,1.422,1.422,1.4218899999999999,1.42197,26
2026-06-30T03:21:00+02:00,1.42197,1.42205,1.42197,1.42199,17
2026-06-30T03:22:00+02:00,1.42199,1.422,1.42192,1.42192,13
2026-06-30T03:23:00+02:00,1.4219300000000001,1.42194,1.42192,1.42192,11
2026-06-30T03:24:00+02:00,1.42191,1.42192,1.4218,1.4218,12
2026-06-30T03:25:00+02:00,1.4218,1.4218899999999999,1.42177,1.4218899999999999,15
2026-06-30T03:26:00+02:00,1.4219,1.42198,1.42188,1.42191,17
2026-06-30T03:27:00+02:00,1.4219,1.4219,1.42176,1.42176,13
2026-06-30T03:28:00+02:00,1.42176,1.42176,1.42167,1.42168,17
2026-06-30T03:29:00+02:00,1.42169,1.42174,1.42168,1.42172,14
2026-06-30T03:30:00+02:00,1.42172,1.42176,1.4217,1.4217,13
2026-06-30T03:31:00+02:00,1.4217,1.42171,1.42158,1.42158,16
2026-06-30T03:32:00+02:00,1.4215900000000001,1.4215900000000001,1.4215200000000001,1.42153,18
2026-06-30T03:33:00+02:00,1.42153,1.42154,1.42146,1.4215200000000001,23
2026-06-30T03:34:00+02:00,1.4215200000000001,1.42153,1.42139,1.42139,21
2026-06-30T03:35:00+02:00,1.4214,1.42144,1.42135,1.42144,18
2026-06-30T03:36:00+02:00,1.42143,1.4215900000000001,1.42143,1.42154,17
2026-06-30T03:37:00+02:00,1.42154,1.42163,1.42154,1.42161,18
2026-06-30T03:38:00+02:00,1.42161,1.42179,1.4216,1.42179,21
2026-06-30T03:39:00+02:00,1.42177,1.42178,1.42174,1.42177,16
2026-06-30T03:40:00+02:00,1.42176,1.42196,1.42175,1.42191,23
2026-06-30T03:41:00+02:00,1.42191,1.42196,1.42191,1.42195,17
2026-06-30T03:42:00+02:00,1.42196,1.42196,1.4219,1.4219,20
2026-06-30T03:43:00+02:00,1.4219,1.42208,1.4219,1.42201,25
2026-06-30T03:44:00+02:00,1.422,1.4221599999999999,1.422,1.4221300000000001,16
2026-06-30T03:45:00+02:00,1.4221300000000001,1.42218,1.42211,1.4221599999999999,12
2026-06-30T03:46:00+02:00,1.42215,1.4221599999999999,1.42211,1.4221599999999999,21
2026-06-30T03:47:00+02:00,1.4221599999999999,1.42225,1.4221599999999999,1.42224,18
2026-06-30T03:48:00+02:00,1.42225,1.42227,1.42212,1.42212,18
2026-06-30T03:49:00+02:00,1.42211,1.4222000000000001,1.42209,1.4222000000000001,15
2026-06-30T03:50:00+02:00,1.4222000000000001,1.4222000000000001,1.42214,1.42214,16
2026-06-30T03:51:00+02:00,1.42214,1.4221599999999999,1.42214,1.42215,11
2026-06-30T03:52:00+02:00,1.42215,1.4221599999999999,1.42208,1.42214,16
2026-06-30T03:53:00+02:00,1.42214,1.4222000000000001,1.42214,1.4222000000000001,10
2026-06-30T03:54:00+02:00,1.4222000000000001,1.42234,1.4222000000000001,1.42234,19
2026-06-30T03:55:00+02:00,1.42233,1.42235,1.42232,1.42233,15
2026-06-30T03:56:00+02:00,1.42233,1.42251,1.42231,1.42249,24
2026-06-30T03:57:00+02:00,1.42248,1.42264,1.42248,1.4226,20
2026-06-30T03:58:00+02:00,1.4226,1.42271,1.4226,1.42264,18
2026-06-30T03:59:00+02:00,1.42264,1.42275,1.42264,1.42266,23
2026-06-30T04:00:00+02:00,1.42264,1.42275,1.42263,1.42272,25
2026-06-30T04:01:00+02:00,1.42272,1.42272,1.42261,1.42264,21
2026-06-30T04:02:00+02:00,1.42264,1.42271,1.42264,1.42266,17
2026-06-30T04:03:00+02:00,1.42266,1.4227,1.42262,1.42264,14
2026-06-30T04:04:00+02:00,1.42264,1.42265,1.42261,1.42264,13
2026-06-30T04:05:00+02:00,1.42263,1.42276,1.42263,1.42275,18
2026-06-30T04:06:00+02:00,1.4227699999999999,1.4228399999999999,1.4227400000000001,1.4228399999999999,16
2026-06-30T04:07:00+02:00,1.4228399999999999,1.42287,1.4228,1.42287,13
2026-06-30T04:08:00+02:00,1.42287,1.42287,1.4228399999999999,1.4228399999999999,14
2026-06-30T04:09:00+02:00,1.4228399999999999,1.4229,1.4228399999999999,1.4229,5
2026-06-30T04:10:00+02:00,1.4229,1.42301,1.4229,1.42296,12
2026-06-30T04:11:00+02:00,1.42296,1.42298,1.42294,1.42294,8
2026-06-30T04:12:00+02:00,1.42294,1.42294,1.42283,1.4228399999999999,16
2026-06-30T04:13:00+02:00,1.4228399999999999,1.42286,1.42282,1.42286,9
2026-06-30T04:14:00+02:00,1.42286,1.42288,1.4228399999999999,1.42286,11
2026-06-30T04:15:00+02:00,1.42286,1.42298,1.42286,1.42296,14
2026-06-30T04:16:00+02:00,1.42297,1.42297,1.42295,1.42297,9
2026-06-30T04:17:00+02:00,1.42297,1.42303,1.42295,1.42297,14
2026-06-30T04:18:00+02:00,1.42299,1.42305,1.42299,1.42305,8
2026-06-30T04:19:00+02:00,1.42304,1.42307,1.42304,1.42307,8
2026-06-30T04:20:00+02:00,1.42307,1.42307,1.4229,1.42292,17
2026-06-30T04:21:00+02:00,1.42292,1.42296,1.42289,1.42292,14
2026-06-30T04:22:00+02:00,1.42292,1.42293,1.4228100000000001,1.42282,13
2026-06-30T04:23:00+02:00,1.42282,1.42283,1.4227699999999999,1.4227699999999999,10
2026-06-30T04:24:00+02:00,1.42278,1.42292,1.42278,1.42291,10
2026-06-30T04:25:00+02:00,1.42291,1.42293,1.42287,1.42293,21
2026-06-30T04:26:00+02:00,1.42293,1.423,1.42293,1.42298,9
2026-06-30T04:27:00+02:00,1.42298,1.42302,1.42298,1.42299,11
2026-06-30T04:28:00+02:00,1.42299,1.42302,1.42299,1.42302,6
2026-06-30T04:29:00+02:00,1.42302,1.42303,1.42301,1.42303,6
2026-06-30T04:30:00+02:00,1.42304,1.42309,1.42304,1.42309,12
2026-06-30T04:31:00+02:00,1.42309,1.4231,1.42303,1.42306,13
2026-06-30T04:32:00+02:00,1.42306,1.42307,1.42303,1.42304,11
2026-06-30T04:33:00+02:00,1.42304,1.4230800000000001,1.42303,1.42307,11
2026-06-30T04:34:00+02:00,1.42306,1.42306,1.42295,1.42298,18
2026-06-30T04:35:00+02:00,1.42298,1.42298,1.42297,1.42298,5
2026-06-30T04:36:00+02:00,1.42298,1.42298,1.42285,1.42285,18
2026-06-30T04:37:00+02:00,1.42285,1.42285,1.4227699999999999,1.4228399999999999,9
2026-06-30T04:38:00+02:00,1.4228399999999999,1.42285,1.42279,1.42279,11
2026-06-30T04:39:00+02:00,1.42279,1.42279,1.42273,1.42273,6
2026-06-30T04:40:00+02:00,1.42273,1.42276,1.42273,1.42275,7
2026-06-30T04:41:00+02:00,1.42275,1.42276,1.42273,1.42276,8
2026-06-30T04:42:00+02:00,1.42276,1.42288,1.42276,1.42288,13
2026-06-30T04:43:00+02:00,1.42291,1.42294,1.4229,1.4229,11
2026-06-30T04:44:00+02:00,1.4229,1.42292,1.42289,1.4229,10
2026-06-30T04:45:00+02:00,1.4229,1.4229,1.42285,1.42286,10
2026-06-30T04:46:00+02:00,1.42287,1.42288,1.4228399999999999,1.42288,10
2026-06-30T04:47:00+02:00,1.42287,1.42292,1.42287,1.42292,5
2026-06-30T04:48:00+02:00,1.42292,1.42292,1.42288,1.4229,16
2026-06-30T04:49:00+02:00,1.4229,1.42291,1.42285,1.42287,10
2026-06-30T04:50:00+02:00,1.42287,1.42287,1.42283,1.42286,8
2026-06-30T04:51:00+02:00,1.4228399999999999,1.42285,1.42282,1.42283,8
2026-06-30T04:52:00+02:00,1.42282,1.42292,1.42282,1.42292,12
2026-06-30T04:53:00+02:00,1.42292,1.42303,1.42291,1.42303,16
2026-06-30T04:54:00+02:00,1.42303,1.42306,1.42302,1.42305,7
2026-06-30T04:55:00+02:00,1.42305,1.42305,1.42295,1.42296,12
2026-06-30T04:56:00+02:00,1.42296,1.42296,1.42285,1.42285,13
2026-06-30T04:57:00+02:00,1.42285,1.42285,1.42276,1.42282,11
2026-06-30T04:58:00+02:00,1.4228100000000001,1.4228399999999999,1.4228,1.4228100000000001,12
2026-06-30T04:59:00+02:00,1.4228399999999999,1.42285,1.42282,1.42283,10
2026-06-30T05:00:00+02:00,1.42282,1.42282,1.42269,1.4227400000000001,16
2026-06-30T05:01:00+02:00,1.4227400000000001,1.4227699999999999,1.42272,1.42275,12
2026-06-30T05:02:00+02:00,1.42275,1.4227699999999999,1.4227400000000001,1.4227400000000001,9
2026-06-30T05:03:00+02:00,1.42275,1.42276,1.42273,1.42273,4
2026-06-30T05:04:00+02:00,1.42273,1.42276,1.42273,1.42276,8
2026-06-30T05:05:00+02:00,1.42276,1.42283,1.4227400000000001,1.42275,11
2026-06-30T05:06:00+02:00,1.42275,1.42285,1.42275,1.42276,12
2026-06-30T05:07:00+02:00,1.42276,1.4228,1.42276,1.42279,5
2026-06-30T05:08:00+02:00,1.4227699999999999,1.42288,1.4227699999999999,1.42286,12
2026-06-30T05:09:00+02:00,1.42286,1.42296,1.42286,1.42294,9
2026-06-30T05:10:00+02:00,1.42295,1.423,1.42295,1.42299,6
2026-06-30T05:11:00+02:00,1.423,1.42301,1.42296,1.42296,5
2026-06-30T05:12:00+02:00,1.42299,1.42305,1.42299,1.42301,12
2026-06-30T05:13:00+02:00,1.42301,1.42305,1.42301,1.42304,9
2026-06-30T05:14:00+02:00,1.42304,1.42307,1.42304,1.42307,4
2026-06-30T05:15:00+02:00,1.42307,1.42307,1.42302,1.42302,5
2026-06-30T05:16:00+02:00,1.42302,1.42306,1.42299,1.42305,13
2026-06-30T05:17:00+02:00,1.42303,1.42303,1.42297,1.42297,12
2026-06-30T05:18:00+02:00,1.42297,1.42302,1.42297,1.42302,10
2026-06-30T05:19:00+02:00,1.42302,1.4231099999999999,1.42302,1.42309,13
2026-06-30T05:20:00+02:00,1.42306,1.4231,1.42304,1.42304,6
2026-06-30T05:21:00+02:00,1.42304,1.42307,1.42304,1.42306,4
2026-06-30T05:22:00+02:00,1.42306,1.42307,1.42305,1.42307,8
2026-06-30T05:23:00+02:00,1.42307,1.4230800000000001,1.42306,1.42307,4
2026-06-30T05:24:00+02:00,1.4230800000000001,1.42314,1.42305,1.42306,15
2026-06-30T05:25:00+02:00,1.42306,1.4231500000000001,1.42306,1.42314,8
2026-06-30T05:26:00+02:00,1.42314,1.42319,1.4231,1.42313,13
2026-06-30T05:27:00+02:00,1.42313,1.42313,1.42293,1.423,27
2026-06-30T05:28:00+02:00,1.423,1.42306,1.42299,1.42304,14
2026-06-30T05:29:00+02:00,1.42304,1.42305,1.42303,1.42305,5
2026-06-30T05:30:00+02:00,1.42305,1.4231099999999999,1.42305,1.4231,7
2026-06-30T05:31:00+02:00,1.4231,1.4231,1.42303,1.42305,16
2026-06-30T05:32:00+02:00,1.42305,1.42306,1.42303,1.42306,8
2026-06-30T05:33:00+02:00,1.42306,1.4230800000000001,1.42306,1.4230800000000001,4
2026-06-30T05:34:00+02:00,1.4230800000000001,1.4231,1.4230800000000001,1.42309,6
2026-06-30T05:35:00+02:00,1.42309,1.4231099999999999,1.4230800000000001,1.4231,11
2026-06-30T05:36:00+02:00,1.4231,1.4231,1.42301,1.42303,12
2026-06-30T05:37:00+02:00,1.42303,1.42305,1.42303,1.42305,3
2026-06-30T05:38:00+02:00,1.42305,1.42325,1.42305,1.42325,14
2026-06-30T05:39:00+02:00,1.42325,1.42329,1.42324,1.42328,17
2026-06-30T05:40:00+02:00,1.42328,1.42333,1.42328,1.42329,12
2026-06-30T05:41:00+02:00,1.42328,1.42333,1.42324,1.4233,13
2026-06-30T05:42:00+02:00,1.42329,1.42332,1.42327,1.42332,6
2026-06-30T05:43:00+02:00,1.42332,1.42336,1.42332,1.4233500000000001,4
2026-06-30T05:44:00+02:00,1.4233500000000001,1.4234,1.4233500000000001,1.4234,9
2026-06-30T05:45:00+02:00,1.42339,1.42346,1.42339,1.4234,9
2026-06-30T05:46:00+02:00,1.4234,1.4234,1.42339,1.4234,5
2026-06-30T05:47:00+02:00,1.4234,1.4234,1.42334,1.42334,8
2026-06-30T05:48:00+02:00,1.42334,1.42336,1.42329,1.42329,10
2026-06-30T05:49:00+02:00,1.42329,1.42329,1.42326,1.42326,5
2026-06-30T05:50:00+02:00,1.42326,1.42326,1.42318,1.42319,9
2026-06-30T05:51:00+02:00,1.42319,1.42322,1.42317,1.42322,10
2026-06-30T05:52:00+02:00,1.42322,1.42322,1.42314,1.42314,6
2026-06-30T05:53:00+02:00,1.4231500000000001,1.42317,1.4230800000000001,1.4230800000000001,12
2026-06-30T05:54:00+02:00,1.42309,1.42312,1.4230800000000001,1.42312,8
2026-06-30T05:55:00+02:00,1.42312,1.42314,1.42303,1.4230800000000001,14
2026-06-30T05:56:00+02:00,1.4230800000000001,1.4230800000000001,1.42294,1.42297,16
2026-06-30T05:57:00+02:00,1.42297,1.42303,1.42296,1.42302,9
2026-06-30T05:58:00+02:00,1.42302,1.42314,1.42302,1.42314,10
2026-06-30T05:59:00+02:00,1.42314,1.4231500000000001,1.42312,1.42313,12
2026-06-30T06:00:00+02:00,1.42313,1.42317,1.42313,1.42316,13
2026-06-30T06:01:00+02:00,1.42316,1.42318,1.42314,1.4231500000000001,7
2026-06-30T06:02:00+02:00,1.4231500000000001,1.42317,1.42314,1.42314,7
2026-06-30T06:03:00+02:00,1.42314,1.42316,1.42314,1.42316,7
2026-06-30T06:04:00+02:00,1.42316,1.42316,1.4231500000000001,1.4231500000000001,4
2026-06-30T06:05:00+02:00,1.4231500000000001,1.42316,1.42312,1.42312,8
2026-06-30T06:06:00+02:00,1.42312,1.42312,1.42309,1.4231,11
2026-06-30T06:07:00+02:00,1.4231,1.42317,1.4231,1.42316,11
2026-06-30T06:08:00+02:00,1.42316,1.42317,1.42314,1.42316,8
2026-06-30T06:09:00+02:00,1.4231500000000001,1.42317,1.4231500000000001,1.42316,6
2026-06-30T06:10:00+02:00,1.42316,1.4232,1.4230800000000001,1.4230800000000001,14
2026-06-30T06:11:00+02:00,1.4230800000000001,1.4230800000000001,1.42305,1.42306,8
2026-06-30T06:12:00+02:00,1.42306,1.42306,1.42304,1.42305,6
2026-06-30T06:13:00+02:00,1.42304,1.42307,1.42304,1.42307,5
2026-06-30T06:14:00+02:00,1.42307,1.42307,1.423,1.42302,12
2026-06-30T06:15:00+02:00,1.42301,1.42302,1.42298,1.42301,13
2026-06-30T06:16:00+02:00,1.42301,1.42306,1.42301,1.42306,4
2026-06-30T06:17:00+02:00,1.42306,1.42306,1.42304,1.42304,5
2026-06-30T06:18:00+02:00,1.42304,1.42306,1.42304,1.42305,4
2026-06-30T06:19:00+02:00,1.42305,1.42312,1.42305,1.4231099999999999,10
2026-06-30T06:20:00+02:00,1.4231099999999999,1.42313,1.42309,1.42309,7
2026-06-30T06:21:00+02:00,1.42309,1.4231099999999999,1.42305,1.42305,8
2026-06-30T06:22:00+02:00,1.42305,1.42318,1.42305,1.42316,15
2026-06-30T06:23:00+02:00,1.42316,1.42323,1.4231500000000001,1.42322,13
2026-06-30T06:24:00+02:00,1.42322,1.42324,1.4232,1.42323,6
2026-06-30T06:25:00+02:00,1.42324,1.42327,1.42324,1.42326,7
2026-06-30T06:26:00+02:00,1.42325,1.42326,1.42324,1.42325,4
2026-06-30T06:27:00+02:00,1.42325,1.42325,1.42323,1.42323,2
2026-06-30T06:28:00+02:00,1.42323,1.42326,1.42323,1.42323,7
2026-06-30T06:29:00+02:00,1.42323,1.42325,1.42323,1.42324,8
2026-06-30T06:30:00+02:00,1.42324,1.42325,1.42322,1.42322,8
2026-06-30T06:31:00+02:00,1.42322,1.42323,1.42319,1.42323,6
2026-06-30T06:32:00+02:00,1.42323,1.42323,1.4231500000000001,1.4231500000000001,17
2026-06-30T06:33:00+02:00,1.4231500000000001,1.42316,1.42314,1.42316,3
2026-06-30T06:34:00+02:00,1.42316,1.42316,1.42314,1.42314,7
2026-06-30T06:35:00+02:00,1.42314,1.4231500000000001,1.4230800000000001,1.42314,14
2026-06-30T06:36:00+02:00,1.42314,1.4231500000000001,1.42313,1.42314,6
2026-06-30T06:37:00+02:00,1.42314,1.42316,1.42314,1.4231500000000001,4
2026-06-30T06:38:00+02:00,1.4231500000000001,1.4231500000000001,1.42307,1.42307,6
2026-06-30T06:39:00+02:00,1.42306,1.42306,1.42304,1.42304,9
2026-06-30T06:40:00+02:00,1.42304,1.42305,1.42301,1.42304,7
2026-06-30T06:41:00+02:00,1.42304,1.42306,1.42303,1.42306,4
2026-06-30T06:42:00+02:00,1.42306,1.4231099999999999,1.42306,1.42309,11
2026-06-30T06:43:00+02:00,1.42309,1.42314,1.42309,1.42314,12
2026-06-30T06:44:00+02:00,1.42314,1.42314,1.42313,1.42313,2
2026-06-30T06:45:00+02:00,1.42313,1.42324,1.42309,1.42324,14
2026-06-30T06:46:00+02:00,1.42324,1.42325,1.42321,1.42324,8
2026-06-30T06:47:00+02:00,1.42324,1.42324,1.42324,1.42324,1
2026-06-30T06:48:00+02:00,1.42324,1.42325,1.42321,1.42324,10
2026-06-30T06:49:00+02:00,1.42324,1.42324,1.42319,1.4232,4
2026-06-30T06:50:00+02:00,1.42317,1.42324,1.42314,1.42322,11
2026-06-30T06:51:00+02:00,1.42322,1.42322,1.4231,1.42313,16
2026-06-30T06:52:00+02:00,1.42314,1.4231500000000001,1.42313,1.42313,3
2026-06-30T06:53:00+02:00,1.42313,1.42313,1.4231099999999999,1.42313,8
2026-06-30T06:54:00+02:00,1.42313,1.42323,1.42312,1.42323,13
2026-06-30T06:55:00+02:00,1.42323,1.4233500000000001,1.42323,1.42328,21
2026-06-30T06:56:00+02:00,1.42328,1.42332,1.42321,1.42329,27
2026-06-30T06:57:00+02:00,1.42328,1.42344,1.42326,1.42344,19
2026-06-30T06:58:00+02:00,1.4234200000000001,1.42355,1.4234200000000001,1.42353,18
2026-06-30T06:59:00+02:00,1.42353,1.4236,1.42352,1.4236,12
2026-06-30T07:00:00+02:00,1.42362,1.42364,1.42355,1.42361,19
2026-06-30T07:01:00+02:00,1.42361,1.42362,1.42353,1.42362,32
2026-06-30T07:02:00+02:00,1.42362,1.42367,1.42354,1.42354,24
2026-06-30T07:03:00+02:00,1.42354,1.42357,1.42348,1.42355,24
2026-06-30T07:04:00+02:00,1.42355,1.42355,1.42346,1.42352,19
2026-06-30T07:05:00+02:00,1.42353,1.42356,1.42344,1.42344,13
2026-06-30T07:06:00+02:00,1.4234499999999999,1.4234499999999999,1.4233500000000001,1.4233500000000001,14
2026-06-30T07:07:00+02:00,1.4233500000000001,1.4233500000000001,1.42329,1.42329,10
2026-06-30T07:08:00+02:00,1.42329,1.42334,1.42325,1.42329,17
2026-06-30T07:09:00+02:00,1.42329,1.42334,1.42329,1.42334,15
2026-06-30T07:10:00+02:00,1.42334,1.42334,1.42328,1.42328,8
2026-06-30T07:11:00+02:00,1.42328,1.42332,1.42324,1.42326,13
2026-06-30T07:12:00+02:00,1.42326,1.42327,1.42323,1.42326,13
2026-06-30T07:13:00+02:00,1.42326,1.4233,1.42326,1.42326,9
2026-06-30T07:14:00+02:00,1.42326,1.42327,1.42321,1.42321,7
2026-06-30T07:15:00+02:00,1.42322,1.42325,1.42321,1.42325,10
2026-06-30T07:16:00+02:00,1.42325,1.42334,1.42325,1.42334,9
2026-06-30T07:17:00+02:00,1.42334,1.42337,1.42334,1.42336,5
2026-06-30T07:18:00+02:00,1.42336,1.42336,1.42325,1.42325,14
2026-06-30T07:19:00+02:00,1.42325,1.42325,1.42325,1.42325,1
2026-06-30T07:20:00+02:00,1.42325,1.42333,1.42325,1.42332,6
2026-06-30T07:21:00+02:00,1.42332,1.42332,1.42329,1.42331,9
2026-06-30T07:22:00+02:00,1.42331,1.42332,1.42325,1.42325,9
2026-06-30T07:23:00+02:00,1.42325,1.42326,1.42323,1.42326,7
2026-06-30T07:24:00+02:00,1.42326,1.42326,1.42323,1.42323,5
2026-06-30T07:25:00+02:00,1.42324,1.42327,1.42322,1.42326,17
2026-06-30T07:26:00+02:00,1.42326,1.42327,1.42325,1.42327,5
2026-06-30T07:27:00+02:00,1.42327,1.42332,1.42325,1.42325,12
2026-06-30T07:28:00+02:00,1.42325,1.42325,1.42321,1.42325,11
2026-06-30T07:29:00+02:00,1.42325,1.42326,1.42325,1.42326,8
2026-06-30T07:30:00+02:00,1.42325,1.42326,1.4231500000000001,1.42316,13
2026-06-30T07:31:00+02:00,1.4231500000000001,1.4231500000000001,1.42313,1.42314,10
2026-06-30T07:32:00+02:00,1.42313,1.4231500000000001,1.42313,1.42314,8
2026-06-30T07:33:00+02:00,1.42314,1.42317,1.42314,1.42316,6
2026-06-30T07:34:00+02:00,1.42316,1.42323,1.42316,1.42323,11
2026-06-30T07:35:00+02:00,1.42323,1.42324,1.42322,1.42324,6
2026-06-30T07:36:00+02:00,1.42324,1.42326,1.42317,1.42321,14
2026-06-30T07:37:00+02:00,1.42321,1.42321,1.42317,1.4232,14
2026-06-30T07:38:00+02:00,1.4232,1.4232,1.42306,1.42307,17
2026-06-30T07:39:00+02:00,1.4231,1.4231500000000001,1.4231,1.42314,9
2026-06-30T07:40:00+02:00,1.4231500000000001,1.4231500000000001,1.42314,1.4231500000000001,9
2026-06-30T07:41:00+02:00,1.42314,1.4231500000000001,1.42312,1.4231500000000001,4
2026-06-30T07:42:00+02:00,1.4231500000000001,1.42316,1.4231500000000001,1.42316,2
2026-06-30T07:43:00+02:00,1.42316,1.42321,1.42313,1.4232,12
2026-06-30T07:44:00+02:00,1.4232,1.42325,1.4232,1.42325,10
2026-06-30T07:45:00+02:00,1.42325,1.42326,1.42313,1.4231500000000001,12
2026-06-30T07:46:00+02:00,1.42314,1.42325,1.42314,1.42322,11
2026-06-30T07:47:00+02:00,1.42322,1.42325,1.42322,1.42325,6
2026-06-30T07:48:00+02:00,1.42325,1.42326,1.42324,1.42326,5
2026-06-30T07:49:00+02:00,1.42326,1.42326,1.42318,1.42323,10
2026-06-30T07:50:00+02:00,1.42323,1.42324,1.42316,1.42316,12
2026-06-30T07:51:00+02:00,1.42316,1.42317,1.42316,1.42316,5
2026-06-30T07:52:00+02:00,1.42317,1.42317,1.4231,1.4231,7
2026-06-30T07:53:00+02:00,1.42309,1.42317,1.42309,1.42317,11
2026-06-30T07:54:00+02:00,1.42316,1.42318,1.42316,1.42318,7
2026-06-30T07:55:00+02:00,1.4232,1.4234,1.4232,1.42337,29
2026-06-30T07:56:00+02:00,1.42334,1.4234499999999999,1.42334,1.4234499999999999,19
2026-06-30T07:57:00+02:00,1.4234499999999999,1.42346,1.4234200000000001,1.4234499999999999,9
2026-06-30T07:58:00+02:00,1.4234499999999999,1.42349,1.42344,1.42347,11
2026-06-30T07:59:00+02:00,1.42347,1.4235,1.42344,1.42344,14
2026-06-30T08:00:00+02:00,1.42344,1.4236,1.4234200000000001,1.4236,22
2026-06-30T08:01:00+02:00,1.4236,1.42363,1.42355,1.42362,15
2026-06-30T08:02:00+02:00,1.42362,1.42362,1.42356,1.42362,12
2026-06-30T08:03:00+02:00,1.4236,1.42365,1.42356,1.42364,18
2026-06-30T08:04:00+02:00,1.42365,1.42365,1.42359,1.42361,26
2026-06-30T08:05:00+02:00,1.4236,1.42367,1.4236,1.42365,14
2026-06-30T08:06:00+02:00,1.42365,1.42365,1.42357,1.42364,16
2026-06-30T08:07:00+02:00,1.42363,1.42378,1.42361,1.42377,29
2026-06-30T08:08:00+02:00,1.42378,1.42381,1.42373,1.42373,21
2026-06-30T08:09:00+02:00,1.42373,1.42382,1.42368,1.4238,22
2026-06-30T08:10:00+02:00,1.4238,1.42385,1.4238,1.42385,15
2026-06-30T08:11:00+02:00,1.42385,1.42388,1.42381,1.42387,14
2026-06-30T08:12:00+02:00,1.42387,1.42388,1.4237600000000001,1.4237600000000001,18
2026-06-30T08:13:00+02:00,1.4237600000000001,1.42383,1.4237600000000001,1.42383,16
2026-06-30T08:14:00+02:00,1.42384,1.42385,1.42382,1.42384,7
2026-06-30T08:15:00+02:00,1.42384,1.42385,1.42363,1.4237,24
2026-06-30T08:16:00+02:00,1.4237199999999999,1.42373,1.42366,1.42366,11
2026-06-30T08:17:00+02:00,1.42366,1.42366,1.42351,1.42357,19
2026-06-30T08:18:00+02:00,1.42357,1.42368,1.42357,1.42365,14
2026-06-30T08:19:00+02:00,1.42365,1.42368,1.42365,1.42365,9
2026-06-30T08:20:00+02:00,1.42364,1.42364,1.4235,1.42356,17
2026-06-30T08:21:00+02:00,1.42355,1.42355,1.42339,1.4234,17
2026-06-30T08:22:00+02:00,1.4234,1.42341,1.42319,1.42329,24
2026-06-30T08:23:00+02:00,1.42331,1.42337,1.42324,1.42326,24
2026-06-30T08:24:00+02:00,1.42326,1.42326,1.42313,1.42324,23
2026-06-30T08:25:00+02:00,1.42324,1.42328,1.4231099999999999,1.4231099999999999,27
2026-06-30T08:26:00+02:00,1.4230800000000001,1.42314,1.423,1.42307,27
2026-06-30T08:27:00+02:00,1.42307,1.4231099999999999,1.42304,1.42304,24
2026-06-30T08:28:00+02:00,1.42304,1.42305,1.42295,1.42295,16
2026-06-30T08:29:00+02:00,1.42295,1.42298,1.42292,1.42292,21
2026-06-30T08:30:00+02:00,1.42292,1.423,1.42286,1.42298,29
2026-06-30T08:31:00+02:00,1.42301,1.42307,1.42292,1.42305,28
2026-06-30T08:32:00+02:00,1.42306,1.42313,1.42302,1.42304,28
2026-06-30T08:33:00+02:00,1.42305,1.4231500000000001,1.42305,1.4231500000000001,23
2026-06-30T08:34:00+02:00,1.4231500000000001,1.42316,1.42292,1.42293,27
2026-06-30T08:35:00+02:00,1.42293,1.42303,1.42293,1.42294,28
2026-06-30T08:36:00+02:00,1.42294,1.42303,1.42294,1.42302,18
2026-06-30T08:37:00+02:00,1.42302,1.42303,1.42285,1.42285,21
2026-06-30T08:38:00+02:00,1.42286,1.42306,1.42286,1.42304,22
2026-06-30T08:39:00+02:00,1.42303,1.42307,1.42297,1.42297,20
2026-06-30T08:40:00+02:00,1.42298,1.42298,1.42282,1.42285,15
2026-06-30T08:41:00+02:00,1.42285,1.42286,1.4228100000000001,1.4228100000000001,12
2026-06-30T08:42:00+02:00,1.4228100000000001,1.42295,1.4228100000000001,1.42294,19
2026-06-30T08:43:00+02:00,1.42294,1.42297,1.42289,1.42294,14
2026-06-30T08:44:00+02:00,1.42294,1.42306,1.42292,1.42304,22
2026-06-30T08:45:00+02:00,1.42307,1.42333,1.42307,1.42332,31
2026-06-30T08:46:00+02:00,1.42331,1.42331,1.42314,1.42314,30
2026-06-30T08:47:00+02:00,1.42314,1.42316,1.42304,1.4230800000000001,25
2026-06-30T08:48:00+02:00,1.4230800000000001,1.42316,1.42307,1.42313,18
2026-06-30T08:49:00+02:00,1.42313,1.42324,1.42312,1.42322,27
2026-06-30T08:50:00+02:00,1.42322,1.42322,1.42312,1.42313,24
2026-06-30T08:51:00+02:00,1.42313,1.42319,1.4231099999999999,1.4231099999999999,21
2026-06-30T08:52:00+02:00,1.4230800000000001,1.42328,1.4230800000000001,1.42328,18
2026-06-30T08:53:00+02:00,1.42329,1.42332,1.42324,1.42324,20
2026-06-30T08:54:00+02:00,1.42324,1.42324,1.42304,1.42306,28
2026-06-30T08:55:00+02:00,1.42306,1.42307,1.42292,1.42295,18
2026-06-30T08:56:00+02:00,1.42295,1.42297,1.42289,1.42295,23
2026-06-30T08:57:00+02:00,1.42295,1.42296,1.42287,1.42288,26
2026-06-30T08:58:00+02:00,1.42288,1.42288,1.42275,1.42275,19
2026-06-30T08:59:00+02:00,1.42275,1.4227699999999999,1.42269,1.42269,18
2026-06-30T09:00:00+02:00,1.42269,1.42296,1.42266,1.42296,24
2026-06-30T09:01:00+02:00,1.42296,1.42298,1.42263,1.4227,30
2026-06-30T09:02:00+02:00,1.4227,1.42275,1.42258,1.42269,28
2026-06-30T09:03:00+02:00,1.42269,1.42269,1.42255,1.42261,17
2026-06-30T09:04:00+02:00,1.42261,1.42271,1.42261,1.42265,18
2026-06-30T09:05:00+02:00,1.42265,1.42265,1.42257,1.4226,13
2026-06-30T09:06:00+02:00,1.4226,1.42263,1.42255,1.42263,18
2026-06-30T09:07:00+02:00,1.42263,1.42272,1.42257,1.42257,22
2026-06-30T09:08:00+02:00,1.42255,1.42261,1.42252,1.42253,20
2026-06-30T09:09:00+02:00,1.42253,1.42268,1.42248,1.42267,28
2026-06-30T09:10:00+02:00,1.42267,1.42271,1.42263,1.42264,18
2026-06-30T09:11:00+02:00,1.42265,1.42271,1.42242,1.42245,26
2026-06-30T09:12:00+02:00,1.42245,1.4226,1.42244,1.42256,22
2026-06-30T09:13:00+02:00,1.42256,1.4226,1.42248,1.42249,16
2026-06-30T09:14:00+02:00,1.42249,1.42259,1.42249,1.42257,14
2026-06-30T09:15:00+02:00,1.42257,1.4227400000000001,1.42246,1.42272,32
2026-06-30T09:16:00+02:00,1.4227,1.42278,1.42268,1.4227400000000001,23
2026-06-30T09:17:00+02:00,1.4227400000000001,1.42275,1.42263,1.42265,16
2026-06-30T09:18:00+02:00,1.42265,1.42267,1.42263,1.42267,14
2026-06-30T09:19:00+02:00,1.42267,1.42271,1.42265,1.42268,15
2026-06-30T09:20:00+02:00,1.42268,1.42275,1.42265,1.42269,22
2026-06-30T09:21:00+02:00,1.42268,1.42272,1.42266,1.42271,13
2026-06-30T09:22:00+02:00,1.42269,1.42269,1.42264,1.42268,13
2026-06-30T09:23:00+02:00,1.42268,1.42268,1.42261,1.42262,17
2026-06-30T09:24:00+02:00,1.42262,1.42262,1.4225400000000001,1.42261,20
2026-06-30T09:25:00+02:00,1.42261,1.42263,1.42241,1.42241,22
2026-06-30T09:26:00+02:00,1.42241,1.42243,1.42231,1.42243,21
2026-06-30T09:27:00+02:00,1.42243,1.42249,1.42241,1.42245,13
2026-06-30T09:28:00+02:00,1.42245,1.4224700000000001,1.42241,1.42244,18
2026-06-30T09:29:00+02:00,1.42244,1.42252,1.42242,1.42248,26
2026-06-30T09:30:00+02:00,1.42246,1.4225400000000001,1.42246,1.42253,20
2026-06-30T09:31:00+02:00,1.4225400000000001,1.4225400000000001,1.42248,1.4225400000000001,13
2026-06-30T09:32:00+02:00,1.42257,1.42259,1.42251,1.42252,12
2026-06-30T09:33:00+02:00,1.42252,1.42258,1.42242,1.42243,18
2026-06-30T09:34:00+02:00,1.42243,1.42244,1.42231,1.42232,14
2026-06-30T09:35:00+02:00,1.42232,1.4224700000000001,1.42232,1.4224700000000001,19
2026-06-30T09:36:00+02:00,1.42249,1.42259,1.42248,1.4225400000000001,14
2026-06-30T09:37:00+02:00,1.42253,1.42259,1.42245,1.42258,23
2026-06-30T09:38:00+02:00,1.42258,1.4226,1.42251,1.4226,14
2026-06-30T09:39:00+02:00,1.42261,1.42261,1.42255,1.42256,16
2026-06-30T09:40:00+02:00,1.42256,1.4227,1.42256,1.4227,16
2026-06-30T09:41:00+02:00,1.42269,1.4227,1.42259,1.42261,18
2026-06-30T09:42:00+02:00,1.42261,1.42261,1.4224700000000001,1.42249,21
2026-06-30T09:43:00+02:00,1.42249,1.42253,1.42246,1.42253,9
2026-06-30T09:44:00+02:00,1.42252,1.42263,1.42252,1.4226,24
2026-06-30T09:45:00+02:00,1.4226,1.42272,1.42259,1.42271,19
2026-06-30T09:46:00+02:00,1.42271,1.42271,1.42259,1.42259,15
2026-06-30T09:47:00+02:00,1.42259,1.4227699999999999,1.42257,1.4227699999999999,21
2026-06-30T09:48:00+02:00,1.42279,1.4228399999999999,1.4227699999999999,1.42283,10
2026-06-30T09:49:00+02:00,1.4228399999999999,1.42303,1.4228399999999999,1.42303,17
2026-06-30T09:50:00+02:00,1.42303,1.42313,1.42303,1.42304,30
2026-06-30T09:51:00+02:00,1.42304,1.42304,1.42295,1.42296,14
2026-06-30T09:52:00+02:00,1.42295,1.42306,1.42295,1.42296,21
2026-06-30T09:53:00+02:00,1.42296,1.42299,1.42295,1.42298,10
2026-06-30T09:54:00+02:00,1.42297,1.42298,1.42294,1.42295,7
2026-06-30T09:55:00+02:00,1.42294,1.42298,1.42294,1.42295,17
2026-06-30T09:56:00+02:00,1.42295,1.42296,1.42292,1.42296,10
2026-06-30T09:57:00+02:00,1.42298,1.42303,1.4228399999999999,1.4228399999999999,20
2026-06-30T09:58:00+02:00,1.4228399999999999,1.42289,1.42273,1.42275,32
2026-06-30T09:59:00+02:00,1.4227699999999999,1.42287,1.4227699999999999,1.42287,21
2026-06-30T10:00:00+02:00,1.42289,1.423,1.42286,1.42299,44
2026-06-30T10:01:00+02:00,1.42301,1.42317,1.42298,1.42303,39
2026-06-30T10:02:00+02:00,1.42304,1.42333,1.42304,1.42324,33
2026-06-30T10:03:00+02:00,1.42324,1.42324,1.4230800000000001,1.42314,26
2026-06-30T10:04:00+02:00,1.42314,1.42316,1.42299,1.42306,28
2026-06-30T10:05:00+02:00,1.42309,1.42309,1.4227400000000001,1.42279,31
2026-06-30T10:06:00+02:00,1.42278,1.42296,1.42278,1.42295,23
2026-06-30T10:07:00+02:00,1.42295,1.42319,1.42295,1.42319,25
2026-06-30T10:08:00+02:00,1.42319,1.4233,1.42313,1.42328,23
2026-06-30T10:09:00+02:00,1.42328,1.42354,1.42328,1.42347,29
2026-06-30T10:10:00+02:00,1.42344,1.42344,1.42324,1.42325,33
2026-06-30T10:11:00+02:00,1.42326,1.4233,1.42323,1.4233,16
2026-06-30T10:12:00+02:00,1.42329,1.42329,1.42314,1.42314,18
2026-06-30T10:13:00+02:00,1.42313,1.42313,1.42301,1.42301,28
2026-06-30T10:14:00+02:00,1.42301,1.42325,1.42301,1.42324,26
2026-06-30T10:15:00+02:00,1.42324,1.42326,1.42305,1.42307,31
2026-06-30T10:16:00+02:00,1.4230800000000001,1.4230800000000001,1.42275,1.42285,36
2026-06-30T10:17:00+02:00,1.42285,1.42312,1.42285,1.42312,22
2026-06-30T10:18:00+02:00,1.42309,1.42312,1.42299,1.42312,27
2026-06-30T10:19:00+02:00,1.4231099999999999,1.42312,1.42296,1.42301,20
2026-06-30T10:20:00+02:00,1.42298,1.42304,1.42298,1.42302,11
2026-06-30T10:21:00+02:00,1.42302,1.42314,1.42302,1.42306,25
2026-06-30T10:22:00+02:00,1.42306,1.4231500000000001,1.42296,1.42296,28
2026-06-30T10:23:00+02:00,1.42296,1.42303,1.42292,1.42292,25
2026-06-30T10:24:00+02:00,1.42292,1.42303,1.42292,1.42294,20
2026-06-30T10:25:00+02:00,1.42293,1.42296,1.42285,1.42285,23
2026-06-30T10:26:00+02:00,1.42285,1.42293,1.4228399999999999,1.42293,13
2026-06-30T10:27:00+02:00,1.42293,1.423,1.42291,1.42291,30
2026-06-30T10:28:00+02:00,1.4229,1.42295,1.4229,1.42292,25
2026-06-30T10:29:00+02:00,1.42292,1.42295,1.42291,1.42293,20
2026-06-30T10:30:00+02:00,1.42294,1.42297,1.42291,1.42292,20
2026-06-30T10:31:00+02:00,1.42292,1.42297,1.42282,1.42289,26
2026-06-30T10:32:00+02:00,1.42292,1.42309,1.42291,1.42307,29
2026-06-30T10:33:00+02:00,1.4230800000000001,1.4230800000000001,1.42294,1.42294,20
2026-06-30T10:34:00+02:00,1.42294,1.42304,1.42293,1.42293,24
2026-06-30T10:35:00+02:00,1.42293,1.423,1.42291,1.42294,25
2026-06-30T10:36:00+02:00,1.42295,1.42303,1.4228,1.42302,30
2026-06-30T10:37:00+02:00,1.42302,1.42325,1.42302,1.42324,32
2026-06-30T10:38:00+02:00,1.42325,1.42327,1.42313,1.4232,28
2026-06-30T10:39:00+02:00,1.42323,1.42333,1.42318,1.42324,30
2026-06-30T10:40:00+02:00,1.42326,1.4233,1.42321,1.42326,25
2026-06-30T10:41:00+02:00,1.42326,1.42326,1.4231099999999999,1.4231099999999999,25
2026-06-30T10:42:00+02:00,1.42312,1.42326,1.42312,1.42322,19
2026-06-30T10:43:00+02:00,1.42322,1.42328,1.4232,1.42328,18
2026-06-30T10:44:00+02:00,1.42328,1.42333,1.42324,1.42324,17
2026-06-30T10:45:00+02:00,1.42325,1.4234200000000001,1.42324,1.4234200000000001,25
2026-06-30T10:46:00+02:00,1.42343,1.4235,1.4234,1.4234,21
2026-06-30T10:47:00+02:00,1.4234,1.42346,1.4234,1.42346,20
2026-06-30T10:48:00+02:00,1.42349,1.42357,1.42343,1.42343,22
2026-06-30T10:49:00+02:00,1.42343,1.42343,1.42325,1.42327,25
2026-06-30T10:50:00+02:00,1.42327,1.42327,1.42318,1.42322,24
2026-06-30T10:51:00+02:00,1.42323,1.42336,1.42323,1.42334,18
2026-06-30T10:52:00+02:00,1.4233500000000001,1.4233500000000001,1.42316,1.4232,25
2026-06-30T10:53:00+02:00,1.4232,1.42333,1.4232,1.42324,16
2026-06-30T10:54:00+02:00,1.42325,1.42327,1.42321,1.42323,21
2026-06-30T10:55:00+02:00,1.42323,1.42325,1.4231500000000001,1.4231500000000001,25
2026-06-30T10:56:00+02:00,1.42316,1.42325,1.4231500000000001,1.42325,19
2026-06-30T10:57:00+02:00,1.42323,1.42332,1.42313,1.42332,30
2026-06-30T10:58:00+02:00,1.42332,1.42332,1.42327,1.42331,20
2026-06-30T10:59:00+02:00,1.4233,1.42332,1.42322,1.42323,17
2026-06-30T11:00:00+02:00,1.42323,1.42326,1.42313,1.42317,25
2026-06-30T11:01:00+02:00,1.42316,1.42325,1.4231500000000001,1.42324,24
2026-06-30T11:02:00+02:00,1.42324,1.42327,1.4232,1.4232,19
2026-06-30T11:03:00+02:00,1.42319,1.42322,1.42301,1.42302,29
2026-06-30T11:04:00+02:00,1.42299,1.42313,1.42298,1.4231099999999999,19
2026-06-30T11:05:00+02:00,1.42312,1.42322,1.4231099999999999,1.42322,13
2026-06-30T11:06:00+02:00,1.42322,1.42325,1.42319,1.42322,18
2026-06-30T11:07:00+02:00,1.42322,1.42327,1.42309,1.42314,22
2026-06-30T11:08:00+02:00,1.42314,1.42324,1.42314,1.42322,11
2026-06-30T11:09:00+02:00,1.4232,1.42327,1.42314,1.42326,19
2026-06-30T11:10:00+02:00,1.42326,1.42328,1.42322,1.42328,20
2026-06-30T11:11:00+02:00,1.42328,1.42328,1.42323,1.42325,13
2026-06-30T11:12:00+02:00,1.42325,1.42331,1.42324,1.42324,15
2026-06-30T11:13:00+02:00,1.42324,1.4234499999999999,1.42324,1.4234499999999999,19
2026-06-30T11:14:00+02:00,1.4234499999999999,1.42352,1.42344,1.42352,19
2026-06-30T11:15:00+02:00,1.42352,1.42355,1.42344,1.42347,18
2026-06-30T11:16:00+02:00,1.42347,1.42347,1.42344,1.42346,14
2026-06-30T11:17:00+02:00,1.42346,1.42346,1.42337,1.42337,9
2026-06-30T11:18:00+02:00,1.42337,1.42346,1.42337,1.4234499999999999,19
2026-06-30T11:19:00+02:00,1.42347,1.42349,1.42344,1.42346,13
2026-06-30T11:20:00+02:00,1.42346,1.4235,1.4234200000000001,1.4234499999999999,24
2026-06-30T11:21:00+02:00,1.4234499999999999,1.4234499999999999,1.42336,1.42339,23
2026-06-30T11:22:00+02:00,1.42337,1.42346,1.42336,1.42346,7
2026-06-30T11:23:00+02:00,1.42346,1.4235,1.42344,1.42348,17
2026-06-30T11:24:00+02:00,1.42347,1.42356,1.42347,1.42355,18
2026-06-30T11:25:00+02:00,1.42355,1.42357,1.42354,1.42356,10
2026-06-30T11:26:00+02:00,1.42357,1.42357,1.42353,1.42355,17
2026-06-30T11:27:00+02:00,1.42355,1.42367,1.42355,1.42365,17
2026-06-30T11:28:00+02:00,1.42365,1.42367,1.42357,1.42366,26
2026-06-30T11:29:00+02:00,1.42366,1.42368,1.42364,1.42368,13
2026-06-30T11:30:00+02:00,1.42367,1.42373,1.42366,1.42368,12
2026-06-30T11:31:00+02:00,1.42368,1.42375,1.42366,1.42368,13
2026-06-30T11:32:00+02:00,1.4237,1.42377,1.4237,1.42375,15
2026-06-30T11:33:00+02:00,1.42375,1.42388,1.42375,1.42385,21
2026-06-30T11:34:00+02:00,1.42385,1.42388,1.42382,1.42388,14
2026-06-30T11:35:00+02:00,1.42389,1.42393,1.42387,1.42389,11
2026-06-30T11:36:00+02:00,1.42389,1.42391,1.42385,1.4239,14
2026-06-30T11:37:00+02:00,1.4239,1.4239,1.42387,1.4239,6
2026-06-30T11:38:00+02:00,1.4239,1.4239,1.4237600000000001,1.42386,25
2026-06-30T11:39:00+02:00,1.42386,1.42388,1.42386,1.42386,5
2026-06-30T11:40:00+02:00,1.42386,1.42389,1.42386,1.42386,8
2026-06-30T11:41:00+02:00,1.42386,1.42386,1.42368,1.4236900000000001,19
2026-06-30T11:42:00+02:00,1.42368,1.42378,1.42367,1.42374,17
2026-06-30T11:43:00+02:00,1.42374,1.42379,1.42374,1.42379,13
2026-06-30T11:44:00+02:00,1.42379,1.42379,1.4237600000000001,1.4237600000000001,12
2026-06-30T11:45:00+02:00,1.4237600000000001,1.42378,1.42366,1.4237600000000001,16
2026-06-30T11:46:00+02:00,1.42375,1.42383,1.42366,1.42383,22
2026-06-30T11:47:00+02:00,1.42384,1.42391,1.42384,1.4239,10
2026-06-30T11:48:00+02:00,1.4239,1.4239,1.42379,1.42386,16
2026-06-30T11:49:00+02:00,1.42386,1.42387,1.42386,1.42387,8
2026-06-30T11:50:00+02:00,1.42387,1.42388,1.42377,1.42378,18
2026-06-30T11:51:00+02:00,1.42379,1.42379,1.42368,1.42375,13
2026-06-30T11:52:00+02:00,1.42375,1.42382,1.42371,1.4237199999999999,14
2026-06-30T11:53:00+02:00,1.42373,1.42375,1.42364,1.42364,20
2026-06-30T11:54:00+02:00,1.42364,1.42367,1.42356,1.42366,24
2026-06-30T11:55:00+02:00,1.42365,1.42378,1.42365,1.42377,20
2026-06-30T11:56:00+02:00,1.42377,1.42377,1.42361,1.42361,18
2026-06-30T11:57:00+02:00,1.42362,1.42362,1.42347,1.42348,28
2026-06-30T11:58:00+02:00,1.42346,1.42351,1.4234499999999999,1.42348,16
2026-06-30T11:59:00+02:00,1.42347,1.42351,1.4234499999999999,1.4235,18
2026-06-30T12:00:00+02:00,1.42349,1.42349,1.42346,1.42348,17
2026-06-30T12:01:00+02:00,1.42348,1.42366,1.42341,1.42364,31
2026-06-30T12:02:00+02:00,1.42364,1.42371,1.42363,1.42368,20
2026-06-30T12:03:00+02:00,1.42367,1.42368,1.42361,1.42367,22
2026-06-30T12:04:00+02:00,1.42367,1.42367,1.42354,1.42354,16
2026-06-30T12:05:00+02:00,1.42354,1.42355,1.42346,1.42355,20
2026-06-30T12:06:00+02:00,1.42355,1.42362,1.42354,1.42362,10
2026-06-30T12:07:00+02:00,1.42362,1.42365,1.42359,1.4236,16
2026-06-30T12:08:00+02:00,1.42361,1.42367,1.42361,1.42367,13
2026-06-30T12:09:00+02:00,1.42366,1.42366,1.42356,1.42356,14
2026-06-30T12:10:00+02:00,1.42356,1.42363,1.42355,1.4236,19
2026-06-30T12:11:00+02:00,1.4236,1.42361,1.4235,1.42351,14
2026-06-30T12:12:00+02:00,1.42351,1.42365,1.4235,1.42363,21
2026-06-30T12:13:00+02:00,1.42363,1.42363,1.42349,1.42349,14
2026-06-30T12:14:00+02:00,1.42348,1.42356,1.42348,1.42352,15
2026-06-30T12:15:00+02:00,1.42354,1.42357,1.42352,1.42352,14
2026-06-30T12:16:00+02:00,1.42353,1.42353,1.42344,1.42346,16
2026-06-30T12:17:00+02:00,1.42346,1.42352,1.42346,1.42349,18
2026-06-30T12:18:00+02:00,1.42349,1.42353,1.42343,1.42344,21
2026-06-30T12:19:00+02:00,1.42344,1.42351,1.42344,1.42351,12
2026-06-30T12:20:00+02:00,1.42352,1.42361,1.42352,1.4236,19
2026-06-30T12:21:00+02:00,1.4236,1.4236,1.42356,1.42357,8
2026-06-30T12:22:00+02:00,1.42357,1.42357,1.42349,1.42353,17
2026-06-30T12:23:00+02:00,1.42353,1.42361,1.42353,1.42361,8
2026-06-30T12:24:00+02:00,1.4236,1.42365,1.42359,1.42363,14
2026-06-30T12:25:00+02:00,1.42364,1.42364,1.42353,1.42353,16
2026-06-30T12:26:00+02:00,1.42353,1.42357,1.42353,1.42357,14
2026-06-30T12:27:00+02:00,1.42358,1.42358,1.42354,1.42354,8
2026-06-30T12:28:00+02:00,1.42354,1.42354,1.4234499999999999,1.42348,20
2026-06-30T12:29:00+02:00,1.42348,1.42355,1.42348,1.42355,11
2026-06-30T12:30:00+02:00,1.42355,1.4237,1.42355,1.42368,21
2026-06-30T12:31:00+02:00,1.42368,1.4238,1.42368,1.42379,19
2026-06-30T12:32:00+02:00,1.42379,1.42386,1.42379,1.42379,20
2026-06-30T12:33:00+02:00,1.42379,1.42379,1.42366,1.42368,17
2026-06-30T12:34:00+02:00,1.42368,1.42368,1.42361,1.42365,17
2026-06-30T12:35:00+02:00,1.42365,1.42365,1.42357,1.42364,16
2026-06-30T12:36:00+02:00,1.42364,1.42364,1.42353,1.42353,18
2026-06-30T12:37:00+02:00,1.42353,1.42355,1.42349,1.42354,11
2026-06-30T12:38:00+02:00,1.42353,1.42355,1.42349,1.42352,18
2026-06-30T12:39:00+02:00,1.42351,1.42358,1.42344,1.42358,24
2026-06-30T12:40:00+02:00,1.42356,1.42366,1.42356,1.42358,19
2026-06-30T12:41:00+02:00,1.42358,1.42359,1.42355,1.42356,13
2026-06-30T12:42:00+02:00,1.42354,1.42356,1.4235,1.42356,16
2026-06-30T12:43:00+02:00,1.42356,1.42357,1.4234499999999999,1.42347,20
2026-06-30T12:44:00+02:00,1.42347,1.42347,1.42341,1.4234499999999999,20
2026-06-30T12:45:00+02:00,1.4234499999999999,1.42356,1.4234499999999999,1.42356,10
2026-06-30T12:46:00+02:00,1.42357,1.42366,1.42357,1.42366,17
2026-06-30T12:47:00+02:00,1.42366,1.42366,1.42357,1.42357,13
2026-06-30T12:48:00+02:00,1.42357,1.42357,1.42355,1.42356,14
2026-06-30T12:49:00+02:00,1.42356,1.42359,1.42354,1.42355,8
2026-06-30T12:50:00+02:00,1.42355,1.42355,1.4235,1.4235,9
2026-06-30T12:51:00+02:00,1.4235,1.42355,1.4234499999999999,1.42346,18
2026-06-30T12:52:00+02:00,1.42346,1.42346,1.42344,1.42344,13
2026-06-30T12:53:00+02:00,1.42344,1.4234499999999999,1.4233500000000001,1.42337,21
2026-06-30T12:54:00+02:00,1.42336,1.4233799999999999,1.42332,1.42332,8
2026-06-30T12:55:00+02:00,1.42332,1.42336,1.42332,1.4233500000000001,9
2026-06-30T12:56:00+02:00,1.42334,1.4233500000000001,1.42333,1.42334,7
2026-06-30T12:57:00+02:00,1.42334,1.4233500000000001,1.4231500000000001,1.4231500000000001,23
2026-06-30T12:58:00+02:00,1.42317,1.42319,1.4230800000000001,1.4230800000000001,16
2026-06-30T12:59:00+02:00,1.4230800000000001,1.4230800000000001,1.42303,1.42303,15
2026-06-30T13:00:00+02:00,1.42303,1.4231099999999999,1.42296,1.4231099999999999,29
2026-06-30T13:01:00+02:00,1.4231,1.4231,1.42303,1.42307,19
2026-06-30T13:02:00+02:00,1.42307,1.42313,1.42303,1.42312,23
2026-06-30T13:03:00+02:00,1.42312,1.42317,1.4231099999999999,1.4231500000000001,17
2026-06-30T13:04:00+02:00,1.4231500000000001,1.42318,1.42305,1.42305,16
2026-06-30T13:05:00+02:00,1.42305,1.4230800000000001,1.42305,1.42306,13
2026-06-30T13:06:00+02:00,1.42306,1.42323,1.42306,1.42323,15
2026-06-30T13:07:00+02:00,1.42323,1.42324,1.42309,1.42313,17
2026-06-30T13:08:00+02:00,1.42313,1.42317,1.42313,1.4231500000000001,12
2026-06-30T13:09:00+02:00,1.4231500000000001,1.42322,1.42309,1.42316,24
2026-06-30T13:10:00+02:00,1.42317,1.42323,1.4231099999999999,1.42316,21
2026-06-30T13:11:00+02:00,1.4231500000000001,1.42316,1.42304,1.42312,20
2026-06-30T13:12:00+02:00,1.42312,1.42316,1.4230800000000001,1.4230800000000001,18
2026-06-30T13:13:00+02:00,1.4230800000000001,1.4232,1.4230800000000001,1.42318,14
2026-06-30T13:14:00+02:00,1.42318,1.42326,1.42318,1.4232,14
2026-06-30T13:15:00+02:00,1.4232,1.42326,1.42317,1.42325,11
2026-06-30T13:16:00+02:00,1.42325,1.42336,1.42324,1.4233500000000001,11
2026-06-30T13:17:00+02:00,1.4233500000000001,1.4234499999999999,1.4233500000000001,1.4234499999999999,19
2026-06-30T13:18:00+02:00,1.42344,1.42355,1.42344,1.42355,12
2026-06-30T13:19:00+02:00,1.42355,1.42355,1.4233500000000001,1.4234200000000001,28
2026-06-30T13:20:00+02:00,1.4234200000000001,1.42346,1.42341,1.4234200000000001,14
2026-06-30T13:21:00+02:00,1.4234200000000001,1.42356,1.4234,1.42352,35
2026-06-30T13:22:00+02:00,1.42354,1.4236,1.42353,1.42356,16
2026-06-30T13:23:00+02:00,1.42356,1.42361,1.42355,1.42355,11
2026-06-30T13:24:00+02:00,1.42357,1.42374,1.42357,1.4237,29
2026-06-30T13:25:00+02:00,1.4237199999999999,1.4237199999999999,1.42365,1.4237199999999999,16
2026-06-30T13:26:00+02:00,1.42371,1.42374,1.42366,1.42373,15
2026-06-30T13:27:00+02:00,1.42373,1.4238,1.4236900000000001,1.4237600000000001,22
2026-06-30T13:28:00+02:00,1.42377,1.42378,1.4237,1.42374,17
2026-06-30T13:29:00+02:00,1.42374,1.42385,1.42374,1.42381,19
2026-06-30T13:30:00+02:00,1.42381,1.42395,1.4238,1.42395,22
2026-06-30T13:31:00+02:00,1.42397,1.42398,1.42393,1.42395,16
2026-06-30T13:32:00+02:00,1.42395,1.42408,1.4239,1.42408,23
2026-06-30T13:33:00+02:00,1.42409,1.42409,1.424,1.4240599999999999,22
2026-06-30T13:34:00+02:00,1.42407,1.4242,1.42407,1.42418,17
2026-06-30T13:35:00+02:00,1.42418,1.42427,1.42409,1.42427,19
2026-06-30T13:36:00+02:00,1.42427,1.42442,1.42427,1.42432,28
2026-06-30T13:37:00+02:00,1.42432,1.42442,1.42432,1.42442,15
2026-06-30T13:38:00+02:00,1.42442,1.42445,1.42441,1.42442,12
2026-06-30T13:39:00+02:00,1.42442,1.4245700000000001,1.4243700000000001,1.4245700000000001,21
2026-06-30T13:40:00+02:00,1.4245700000000001,1.4246699999999999,1.42423,1.42423,38
2026-06-30T13:41:00+02:00,1.42423,1.42425,1.42408,1.4242,33
2026-06-30T13:42:00+02:00,1.42421,1.42421,1.42393,1.4239899999999999,21
2026-06-30T13:43:00+02:00,1.4239899999999999,1.4240599999999999,1.42378,1.42392,35
2026-06-30T13:44:00+02:00,1.42391,1.42398,1.42383,1.42386,23
2026-06-30T13:45:00+02:00,1.42387,1.42394,1.4238,1.42389,31
2026-06-30T13:46:00+02:00,1.42386,1.42386,1.42362,1.42364,28
2026-06-30T13:47:00+02:00,1.42366,1.4237600000000001,1.42366,1.42373,20
2026-06-30T13:48:00+02:00,1.4237,1.42377,1.42368,1.4237600000000001,20
2026-06-30T13:49:00+02:00,1.42379,1.4238,1.42366,1.42366,18
2026-06-30T13:50:00+02:00,1.42365,1.42367,1.42352,1.42362,29
2026-06-30T13:51:00+02:00,1.42362,1.42366,1.4236,1.42364,17
2026-06-30T13:52:00+02:00,1.42364,1.4236900000000001,1.42363,1.42368,20
2026-06-30T13:53:00+02:00,1.42368,1.42368,1.42353,1.42355,22
2026-06-30T13:54:00+02:00,1.42355,1.42355,1.42346,1.42347,28
2026-06-30T13:55:00+02:00,1.42347,1.4236,1.42347,1.42356,26
2026-06-30T13:56:00+02:00,1.42357,1.42357,1.42352,1.42355,6
2026-06-30T13:57:00+02:00,1.42355,1.42355,1.42354,1.42355,5
2026-06-30T13:58:00+02:00,1.42356,1.42358,1.42349,1.42358,12
2026-06-30T13:59:00+02:00,1.42358,1.42359,1.42354,1.42358,16
2026-06-30T14:00:00+02:00,1.42359,1.42362,1.42351,1.42351,16
2026-06-30T14:01:00+02:00,1.42353,1.42366,1.42347,1.42364,28
2026-06-30T14:02:00+02:00,1.42364,1.42368,1.42354,1.42357,18
2026-06-30T14:03:00+02:00,1.42357,1.42365,1.42354,1.42363,31
2026-06-30T14:04:00+02:00,1.42361,1.42366,1.42351,1.42351,26
2026-06-30T14:05:00+02:00,1.4235,1.42357,1.42347,1.42353,24
2026-06-30T14:06:00+02:00,1.42353,1.42354,1.42343,1.4234499999999999,20
2026-06-30T14:07:00+02:00,1.4234499999999999,1.4234499999999999,1.4233799999999999,1.42339,18
2026-06-30T14:08:00+02:00,1.42336,1.4235,1.42334,1.42347,21
2026-06-30T14:09:00+02:00,1.42347,1.42351,1.4234200000000001,1.42347,26
2026-06-30T14:10:00+02:00,1.42347,1.42357,1.4234200000000001,1.42344,25
2026-06-30T14:11:00+02:00,1.42343,1.42366,1.42343,1.42359,26
2026-06-30T14:12:00+02:00,1.42357,1.42358,1.42351,1.42357,17
2026-06-30T14:13:00+02:00,1.42357,1.42367,1.42351,1.42352,28
2026-06-30T14:14:00+02:00,1.42352,1.42353,1.42347,1.42347,12
2026-06-30T14:15:00+02:00,1.42346,1.42356,1.42343,1.42356,23
2026-06-30T14:16:00+02:00,1.42358,1.42358,1.42344,1.42344,25
2026-06-30T14:17:00+02:00,1.42344,1.42346,1.42341,1.42341,15
2026-06-30T14:18:00+02:00,1.4234,1.42349,1.42339,1.42346,30
2026-06-30T14:19:00+02:00,1.42346,1.42346,1.4234,1.42346,20
2026-06-30T14:20:00+02:00,1.42344,1.42352,1.42344,1.4235,21
2026-06-30T14:21:00+02:00,1.4235,1.42356,1.42343,1.4235,15
2026-06-30T14:22:00+02:00,1.4235,1.42368,1.42349,1.42364,27
2026-06-30T14:23:00+02:00,1.42364,1.42373,1.42361,1.42373,22
2026-06-30T14:24:00+02:00,1.42373,1.42377,1.42371,1.42374,30
2026-06-30T14:25:00+02:00,1.42374,1.42395,1.42374,1.42388,34
2026-06-30T14:26:00+02:00,1.42385,1.42385,1.42381,1.42382,9
2026-06-30T14:27:00+02:00,1.42382,1.42382,1.4237199999999999,1.42373,13
2026-06-30T14:28:00+02:00,1.42373,1.42378,1.42366,1.42374,17
2026-06-30T14:29:00+02:00,1.42374,1.42374,1.42363,1.42366,17
2026-06-30T14:30:00+02:00,1.42367,1.42371,1.42327,1.42352,38
2026-06-30T14:31:00+02:00,1.42352,1.42353,1.42318,1.42318,42
2026-06-30T14:32:00+02:00,1.42321,1.42331,1.4230800000000001,1.42325,46
2026-06-30T14:33:00+02:00,1.42324,1.4233799999999999,1.42324,1.42332,37
2026-06-30T14:34:00+02:00,1.42332,1.42332,1.42317,1.42322,27
2026-06-30T14:35:00+02:00,1.42322,1.42324,1.4231099999999999,1.42319,37
2026-06-30T14:36:00+02:00,1.42319,1.42332,1.4231,1.42327,26
2026-06-30T14:37:00+02:00,1.4233,1.4233799999999999,1.42324,1.42334,27
2026-06-30T14:38:00+02:00,1.4233500000000001,1.4233500000000001,1.42326,1.42326,18
2026-06-30T14:39:00+02:00,1.42325,1.4233500000000001,1.42325,1.42333,24
2026-06-30T14:40:00+02:00,1.42333,1.4234200000000001,1.42332,1.4233500000000001,23
2026-06-30T14:41:00+02:00,1.4233500000000001,1.42343,1.42332,1.42333,19
2026-06-30T14:42:00+02:00,1.42333,1.42333,1.42313,1.42317,29
2026-06-30T14:43:00+02:00,1.42318,1.42326,1.42314,1.42314,22
2026-06-30T14:44:00+02:00,1.42314,1.42314,1.42302,1.42302,20
2026-06-30T14:45:00+02:00,1.42303,1.4233500000000001,1.42303,1.4233500000000001,34
2026-06-30T14:46:00+02:00,1.4233500000000001,1.42336,1.4231,1.42314,29
2026-06-30T14:47:00+02:00,1.4231500000000001,1.4231500000000001,1.4229,1.4229,27
2026-06-30T14:48:00+02:00,1.42292,1.42299,1.4227,1.42283,37
2026-06-30T14:49:00+02:00,1.42283,1.42286,1.4228,1.42283,21
2026-06-30T14:50:00+02:00,1.42283,1.42302,1.42283,1.42295,28
2026-06-30T14:51:00+02:00,1.42295,1.42295,1.42283,1.42285,26
2026-06-30T14:52:00+02:00,1.42285,1.42285,1.42272,1.42273,22
2026-06-30T14:53:00+02:00,1.42272,1.42273,1.42249,1.42249,28
2026-06-30T14:54:00+02:00,1.42249,1.42253,1.42236,1.4224999999999999,36
2026-06-30T14:55:00+02:00,1.4224999999999999,1.42264,1.4224700000000001,1.42249,29
2026-06-30T14:56:00+02:00,1.42249,1.42256,1.42246,1.4225400000000001,23
2026-06-30T14:57:00+02:00,1.4225400000000001,1.4225400000000001,1.42232,1.42248,22
2026-06-30T14:58:00+02:00,1.4224999999999999,1.42273,1.4224999999999999,1.42273,18
2026-06-30T14:59:00+02:00,1.4227400000000001,1.4227400000000001,1.42263,1.4227,19
2026-06-30T15:00:00+02:00,1.42272,1.42275,1.42253,1.4225400000000001,24
2026-06-30T15:01:00+02:00,1.42255,1.42264,1.42243,1.4225400000000001,30
2026-06-30T15:02:00+02:00,1.42252,1.4225400000000001,1.42244,1.42248,34
2026-06-30T15:03:00+02:00,1.4224999999999999,1.42257,1.42246,1.42253,34
2026-06-30T15:04:00+02:00,1.42253,1.42266,1.42248,1.42263,32
2026-06-30T15:05:00+02:00,1.42262,1.42263,1.42253,1.4225400000000001,30
2026-06-30T15:06:00+02:00,1.4225400000000001,1.42263,1.42251,1.42256,25
2026-06-30T15:07:00+02:00,1.42255,1.42256,1.42232,1.42232,18
2026-06-30T15:08:00+02:00,1.42233,1.42243,1.42231,1.42243,25
2026-06-30T15:09:00+02:00,1.42243,1.42243,1.42225,1.42226,20
2026-06-30T15:10:00+02:00,1.42226,1.42226,1.42198,1.42202,38
2026-06-30T15:11:00+02:00,1.42202,1.42204,1.42187,1.42196,29
2026-06-30T15:12:00+02:00,1.42195,1.42196,1.42176,1.42181,34
2026-06-30T15:13:00+02:00,1.4218199999999999,1.42183,1.42172,1.42181,30
2026-06-30T15:14:00+02:00,1.42181,1.42185,1.4218,1.42183,21
2026-06-30T15:15:00+02:00,1.4218199999999999,1.4218199999999999,1.42169,1.42174,32
2026-06-30T15:16:00+02:00,1.42173,1.42173,1.4215,1.4215900000000001,33
2026-06-30T15:17:00+02:00,1.4215900000000001,1.42168,1.42151,1.42153,39
2026-06-30T15:18:00+02:00,1.4215200000000001,1.42153,1.42131,1.42138,29
2026-06-30T15:19:00+02:00,1.42138,1.42154,1.42138,1.42154,23
2026-06-30T15:20:00+02:00,1.42154,1.4215499999999999,1.42131,1.42143,39
2026-06-30T15:21:00+02:00,1.42143,1.4218,1.42143,1.4218,37
2026-06-30T15:22:00+02:00,1.42178,1.42185,1.42167,1.42184,33
2026-06-30T15:23:00+02:00,1.42184,1.4221,1.42184,1.4221,32
2026-06-30T15:24:00+02:00,1.4221,1.4221,1.42195,1.42199,30
2026-06-30T15:25:00+02:00,1.42199,1.42217,1.42199,1.4221,31
2026-06-30T15:26:00+02:00,1.4221,1.42214,1.42191,1.42191,26
2026-06-30T15:27:00+02:00,1.42191,1.4219300000000001,1.4218600000000001,1.42188,18
2026-06-30T15:28:00+02:00,1.42188,1.422,1.42187,1.42198,24
2026-06-30T15:29:00+02:00,1.42198,1.42204,1.42198,1.42203,22
2026-06-30T15:30:00+02:00,1.422,1.42207,1.42185,1.42207,40
2026-06-30T15:31:00+02:00,1.42206,1.42225,1.42197,1.42225,32
2026-06-30T15:32:00+02:00,1.42226,1.4223,1.42212,1.42222,40
2026-06-30T15:33:00+02:00,1.4222299999999999,1.42257,1.4222299999999999,1.4225400000000001,35
2026-06-30T15:34:00+02:00,1.42253,1.42256,1.42243,1.42244,26
2026-06-30T15:35:00+02:00,1.42244,1.42244,1.42218,1.4222299999999999,38
2026-06-30T15:36:00+02:00,1.4222299999999999,1.4224,1.4222299999999999,1.42231,35
2026-06-30T15:37:00+02:00,1.42229,1.42229,1.4219300000000001,1.42204,46
2026-06-30T15:38:00+02:00,1.42204,1.42207,1.42202,1.42202,19
2026-06-30T15:39:00+02:00,1.42202,1.42203,1.4219300000000001,1.42203,16
2026-06-30T15:40:00+02:00,1.42203,1.4222299999999999,1.42203,1.42221,19
2026-06-30T15:41:00+02:00,1.42222,1.42225,1.42215,1.42225,11
2026-06-30T15:42:00+02:00,1.4222299999999999,1.42246,1.4221300000000001,1.4221300000000001,32
2026-06-30T15:43:00+02:00,1.4221300000000001,1.42231,1.42211,1.4222299999999999,29
2026-06-30T15:44:00+02:00,1.4222299999999999,1.42226,1.4221300000000001,1.42214,25
2026-06-30T15:45:00+02:00,1.42214,1.42219,1.42197,1.42219,21
2026-06-30T15:46:00+02:00,1.4222000000000001,1.42235,1.42206,1.42206,26
2026-06-30T15:47:00+02:00,1.42206,1.42226,1.42202,1.42225,35
2026-06-30T15:48:00+02:00,1.42226,1.42235,1.4222000000000001,1.42229,33
2026-06-30T15:49:00+02:00,1.42228,1.42236,1.42222,1.42236,30
2026-06-30T15:50:00+02:00,1.42234,1.42241,1.42229,1.42241,35
2026-06-30T15:51:00+02:00,1.42243,1.42243,1.42224,1.42234,41
2026-06-30T15:52:00+02:00,1.42235,1.42235,1.4222299999999999,1.42232,37
2026-06-30T15:53:00+02:00,1.42232,1.42262,1.42232,1.42249,41
2026-06-30T15:54:00+02:00,1.42251,1.42252,1.42237,1.42246,42
2026-06-30T15:55:00+02:00,1.42248,1.42255,1.42239,1.4224700000000001,38
2026-06-30T15:56:00+02:00,1.42246,1.42246,1.42225,1.42226,24
2026-06-30T15:57:00+02:00,1.42226,1.42232,1.42222,1.42232,11
2026-06-30T15:58:00+02:00,1.42232,1.42237,1.42225,1.42225,17
2026-06-30T15:59:00+02:00,1.42225,1.42233,1.4222000000000001,1.4223,25
2026-06-30T16:00:00+02:00,1.42233,1.42256,1.42233,1.42245,50
2026-06-30T16:01:00+02:00,1.42244,1.4224700000000001,1.42233,1.42234,26
2026-06-30T16:02:00+02:00,1.42234,1.42243,1.4223,1.42243,25
2026-06-30T16:03:00+02:00,1.42244,1.42244,1.42202,1.42207,47
2026-06-30T16:04:00+02:00,1.42205,1.4221,1.42185,1.42185,41
2026-06-30T16:05:00+02:00,1.42187,1.42187,1.42151,1.4215200000000001,38
2026-06-30T16:06:00+02:00,1.42154,1.42174,1.4215,1.42168,56
2026-06-30T16:07:00+02:00,1.4217,1.42183,1.42169,1.42179,46
2026-06-30T16:08:00+02:00,1.42177,1.42194,1.42172,1.42174,42
2026-06-30T16:09:00+02:00,1.42173,1.42174,1.42104,1.42108,54
2026-06-30T16:10:00+02:00,1.4211,1.4211,1.42061,1.42088,57
2026-06-30T16:11:00+02:00,1.42089,1.421,1.42083,1.4209,54
2026-06-30T16:12:00+02:00,1.42089,1.42103,1.42087,1.42087,47
2026-06-30T16:13:00+02:00,1.42085,1.42086,1.42065,1.42075,42
2026-06-30T16:14:00+02:00,1.42078,1.42083,1.42054,1.42055,54
2026-06-30T16:15:00+02:00,1.42054,1.42057,1.42001,1.42017,59
2026-06-30T16:16:00+02:00,1.42019,1.42045,1.42018,1.42026,47
2026-06-30T16:17:00+02:00,1.42023,1.42065,1.42023,1.42065,43
2026-06-30T16:18:00+02:00,1.42066,1.42088,1.42046,1.4205,47
2026-06-30T16:19:00+02:00,1.4205,1.42075,1.42048,1.42063,41
2026-06-30T16:20:00+02:00,1.42062,1.42074,1.42055,1.42055,39
2026-06-30T16:21:00+02:00,1.42053,1.42056,1.42041,1.42044,38
2026-06-30T16:22:00+02:00,1.42043,1.42046,1.42015,1.42015,45
2026-06-30T16:23:00+02:00,1.42015,1.42021,1.42007,1.42015,33
2026-06-30T16:24:00+02:00,1.42015,1.42034,1.42011,1.42032,30
2026-06-30T16:25:00+02:00,1.4203000000000001,1.42045,1.4202,1.42022,50
2026-06-30T16:26:00+02:00,1.42022,1.42032,1.42018,1.42032,36
2026-06-30T16:27:00+02:00,1.42032,1.42045,1.42019,1.42019,40
2026-06-30T16:28:00+02:00,1.4202,1.42026,1.42014,1.42024,31
2026-06-30T16:29:00+02:00,1.42022,1.42024,1.42014,1.42023,30
2026-06-30T16:30:00+02:00,1.42022,1.42039,1.42002,1.42012,57
2026-06-30T16:31:00+02:00,1.42013,1.42027,1.4199899999999999,1.42014,42
2026-06-30T16:32:00+02:00,1.42011,1.42039,1.42004,1.4203700000000001,41
2026-06-30T16:33:00+02:00,1.42038,1.42043,1.42023,1.42028,37
2026-06-30T16:34:00+02:00,1.42029,1.42034,1.42001,1.42002,47
2026-06-30T16:35:00+02:00,1.42001,1.42022,1.42001,1.42005,41
2026-06-30T16:36:00+02:00,1.42005,1.42005,1.41989,1.41997,43
2026-06-30T16:37:00+02:00,1.41997,1.42016,1.41997,1.42012,24
2026-06-30T16:38:00+02:00,1.42012,1.4203700000000001,1.42012,1.42027,44
2026-06-30T16:39:00+02:00,1.42027,1.42045,1.42026,1.4203299999999999,39
2026-06-30T16:40:00+02:00,1.4203299999999999,1.42042,1.42021,1.42042,45
2026-06-30T16:41:00+02:00,1.42041,1.42052,1.42041,1.42049,41
2026-06-30T16:42:00+02:00,1.42047,1.42049,1.42034,1.42044,36
2026-06-30T16:43:00+02:00,1.42044,1.42045,1.42015,1.42017,42
2026-06-30T16:44:00+02:00,1.42016,1.42016,1.41987,1.41987,41
2026-06-30T16:45:00+02:00,1.4199,1.41995,1.41971,1.4198,48
2026-06-30T16:46:00+02:00,1.4198,1.41988,1.4196900000000001,1.41986,48
2026-06-30T16:47:00+02:00,1.41986,1.4199,1.41958,1.41961,58
2026-06-30T16:48:00+02:00,1.41961,1.41986,1.41944,1.41984,54
2026-06-30T16:49:00+02:00,1.41984,1.41984,1.41959,1.41961,49
2026-06-30T16:50:00+02:00,1.41959,1.41959,1.41905,1.41928,72
2026-06-30T16:51:00+02:00,1.4193,1.41931,1.4189,1.41899,66
2026-06-30T16:52:00+02:00,1.41902,1.41914,1.41892,1.41893,50
2026-06-30T16:53:00+02:00,1.41893,1.41931,1.41892,1.41919,58
2026-06-30T16:54:00+02:00,1.41916,1.4192,1.41894,1.41894,50
2026-06-30T16:55:00+02:00,1.41895,1.41899,1.41864,1.4188100000000001,93
2026-06-30T16:56:00+02:00,1.41879,1.41883,1.4185699999999999,1.4187699999999999,60
2026-06-30T16:57:00+02:00,1.41878,1.41878,1.41835,1.41837,69
2026-06-30T16:58:00+02:00,1.41839,1.4188,1.41839,1.41864,55
2026-06-30T16:59:00+02:00,1.41865,1.41879,1.4186,1.41872,45
2026-06-30T17:00:00+02:00,1.41875,1.4188,1.41856,1.41872,52
2026-06-30T17:01:00+02:00,1.41873,1.41873,1.41829,1.4184700000000001,53
2026-06-30T17:02:00+02:00,1.4184700000000001,1.41864,1.41833,1.41859,71
2026-06-30T17:03:00+02:00,1.41862,1.41909,1.4186,1.41909,56
2026-06-30T17:04:00+02:00,1.41912,1.4193500000000001,1.41903,1.41931,58
2026-06-30T17:05:00+02:00,1.41931,1.41931,1.41904,1.4191,54
2026-06-30T17:06:00+02:00,1.4191099999999999,1.4191099999999999,1.41898,1.4191099999999999,44
2026-06-30T17:07:00+02:00,1.4191099999999999,1.41948,1.4190800000000001,1.4194499999999999,45
2026-06-30T17:08:00+02:00,1.41943,1.4195,1.41926,1.4195,44
2026-06-30T17:09:00+02:00,1.41951,1.4197600000000001,1.4194200000000001,1.41953,57
2026-06-30T17:10:00+02:00,1.41954,1.41977,1.41954,1.41966,38
2026-06-30T17:11:00+02:00,1.41967,1.41967,1.41952,1.41953,39
2026-06-30T17:12:00+02:00,1.41954,1.41963,1.41924,1.41955,52
2026-06-30T17:13:00+02:00,1.41954,1.41962,1.4193799999999999,1.4193799999999999,42
2026-06-30T17:14:00+02:00,1.4194,1.41957,1.41934,1.41956,55
2026-06-30T17:15:00+02:00,1.41954,1.41967,1.41951,1.41952,49
2026-06-30T17:16:00+02:00,1.41952,1.41967,1.41952,1.41955,34
2026-06-30T17:17:00+02:00,1.41957,1.41967,1.4195,1.41966,32
2026-06-30T17:18:00+02:00,1.41967,1.41989,1.41965,1.41989,50
2026-06-30T17:19:00+02:00,1.41989,1.4200599999999999,1.41989,1.42004,30
2026-06-30T17:20:00+02:00,1.42004,1.42004,1.41985,1.41985,39
2026-06-30T17:21:00+02:00,1.41986,1.41994,1.41982,1.41992,35
2026-06-30T17:22:00+02:00,1.41992,1.41994,1.4197600000000001,1.41985,31
2026-06-30T17:23:00+02:00,1.41985,1.41987,1.4197899999999999,1.41983,31
2026-06-30T17:24:00+02:00,1.41981,1.41984,1.41971,1.41973,21
2026-06-30T17:25:00+02:00,1.41974,1.41991,1.4197199999999999,1.41982,29
2026-06-30T17:26:00+02:00,1.41983,1.41991,1.41974,1.41974,31
2026-06-30T17:27:00+02:00,1.41975,1.41987,1.41973,1.41982,32
2026-06-30T17:28:00+02:00,1.41982,1.41996,1.41982,1.41992,31
2026-06-30T17:29:00+02:00,1.41992,1.42004,1.41992,1.42004,17
2026-06-30T17:30:00+02:00,1.42004,1.42004,1.41984,1.41997,38
2026-06-30T17:31:00+02:00,1.41996,1.41997,1.41981,1.41987,30
2026-06-30T17:32:00+02:00,1.41987,1.41991,1.41982,1.41983,29
2026-06-30T17:33:00+02:00,1.41984,1.41995,1.41982,1.41994,22
2026-06-30T17:34:00+02:00,1.41995,1.4200599999999999,1.41993,1.4200599999999999,27
2026-06-30T17:35:00+02:00,1.42007,1.42017,1.42002,1.42017,33
2026-06-30T17:36:00+02:00,1.42015,1.42028,1.42013,1.42026,30
2026-06-30T17:37:00+02:00,1.42026,1.42035,1.42023,1.42025,28
2026-06-30T17:38:00+02:00,1.42024,1.42039,1.42024,1.42029,27
2026-06-30T17:39:00+02:00,1.42028,1.42063,1.42028,1.42063,38
2026-06-30T17:40:00+02:00,1.4206400000000001,1.42066,1.42051,1.42053,38
2026-06-30T17:41:00+02:00,1.42053,1.42054,1.42041,1.42044,21
2026-06-30T17:42:00+02:00,1.42045,1.42056,1.42045,1.42056,20
2026-06-30T17:43:00+02:00,1.42056,1.42056,1.42042,1.42045,20
2026-06-30T17:44:00+02:00,1.42045,1.42051,1.42042,1.42048,26
2026-06-30T17:45:00+02:00,1.42046,1.42046,1.42019,1.42019,26
2026-06-30T17:46:00+02:00,1.42019,1.42036,1.42014,1.4203000000000001,31
2026-06-30T17:47:00+02:00,1.4203000000000001,1.42042,1.42029,1.4203299999999999,26
2026-06-30T17:48:00+02:00,1.4203299999999999,1.42034,1.42021,1.42027,26
2026-06-30T17:49:00+02:00,1.42024,1.42026,1.42014,1.42014,25
2026-06-30T17:50:00+02:00,1.42014,1.42021,1.42013,1.42016,23
2026-06-30T17:51:00+02:00,1.42015,1.4202,1.42002,1.42002,24
2026-06-30T17:52:00+02:00,1.42001,1.42015,1.42001,1.42014,22
2026-06-30T17:53:00+02:00,1.42014,1.42025,1.42014,1.42024,18
2026-06-30T17:54:00+02:00,1.42023,1.42025,1.42015,1.42015,21
2026-06-30T17:55:00+02:00,1.42014,1.42034,1.42014,1.42034,27
2026-06-30T17:56:00+02:00,1.42034,1.4205,1.42032,1.4205,32
2026-06-30T17:57:00+02:00,1.4205,1.4206400000000001,1.42045,1.42063,31
2026-06-30T17:58:00+02:00,1.42063,1.4206699999999999,1.42055,1.42055,20
2026-06-30T17:59:00+02:00,1.42055,1.42055,1.42044,1.42051,37
2026-06-30T18:00:00+02:00,1.42051,1.42054,1.42042,1.42046,30
2026-06-30T18:01:00+02:00,1.42045,1.42047,1.4203700000000001,1.42039,27
2026-06-30T18:02:00+02:00,1.42039,1.42055,1.4203700000000001,1.42046,29
2026-06-30T18:03:00+02:00,1.42045,1.42069,1.42044,1.42069,26
2026-06-30T18:04:00+02:00,1.42071,1.42079,1.42069,1.42076,21
2026-06-30T18:05:00+02:00,1.42076,1.42082,1.4206699999999999,1.42075,25
2026-06-30T18:06:00+02:00,1.42074,1.42077,1.4206400000000001,1.4206400000000001,29
2026-06-30T18:07:00+02:00,1.42062,1.4206400000000001,1.42059,1.42062,19
2026-06-30T18:08:00+02:00,1.42063,1.42077,1.42063,1.42072,19
2026-06-30T18:09:00+02:00,1.42072,1.42074,1.4205999999999999,1.4205999999999999,13
2026-06-30T18:10:00+02:00,1.42059,1.42061,1.4205,1.42059,26
2026-06-30T18:11:00+02:00,1.42058,1.4206400000000001,1.42055,1.42063,20
2026-06-30T18:12:00+02:00,1.42065,1.42065,1.42053,1.42062,25
2026-06-30T18:13:00+02:00,1.42062,1.42063,1.42047,1.42047,21
2026-06-30T18:14:00+02:00,1.42045,1.42048,1.42042,1.42042,19
2026-06-30T18:15:00+02:00,1.42043,1.42065,1.42042,1.4205999999999999,40
2026-06-30T18:16:00+02:00,1.4205999999999999,1.4205999999999999,1.42052,1.42052,18
2026-06-30T18:17:00+02:00,1.42052,1.42068,1.42052,1.4206400000000001,23
2026-06-30T18:18:00+02:00,1.4206400000000001,1.4207,1.42062,1.42069,24
2026-06-30T18:19:00+02:00,1.42069,1.42072,1.4205999999999999,1.4205999999999999,12
2026-06-30T18:20:00+02:00,1.4205999999999999,1.4205999999999999,1.42043,1.42053,25
2026-06-30T18:21:00+02:00,1.42054,1.42054,1.42038,1.42039,15
2026-06-30T18:22:00+02:00,1.42039,1.42044,1.42038,1.42041,11
2026-06-30T18:23:00+02:00,1.42042,1.42049,1.42041,1.42049,12
2026-06-30T18:24:00+02:00,1.42049,1.42049,1.42042,1.42044,16
2026-06-30T18:25:00+02:00,1.42044,1.42068,1.42044,1.42068,19
2026-06-30T18:26:00+02:00,1.4206699999999999,1.42068,1.42054,1.42061,21
2026-06-30T18:27:00+02:00,1.42061,1.4206400000000001,1.42055,1.4206400000000001,20
2026-06-30T18:28:00+02:00,1.4206400000000001,1.4206699999999999,1.42061,1.42062,15
2026-06-30T18:29:00+02:00,1.42062,1.42065,1.42062,1.4206400000000001,14
2026-06-30T18:30:00+02:00,1.42062,1.4207,1.42056,1.4206400000000001,28
2026-06-30T18:31:00+02:00,1.42062,1.42062,1.42054,1.42056,11
2026-06-30T18:32:00+02:00,1.42056,1.42077,1.42056,1.42076,14
2026-06-30T18:33:00+02:00,1.42076,1.42079,1.42072,1.42077,18
2026-06-30T18:34:00+02:00,1.42075,1.42081,1.42072,1.42081,18
2026-06-30T18:35:00+02:00,1.42081,1.42082,1.42077,1.42078,20
2026-06-30T18:36:00+02:00,1.4208,1.42092,1.42078,1.42092,25
2026-06-30T18:37:00+02:00,1.42092,1.4209399999999999,1.4209100000000001,1.42092,10
2026-06-30T18:38:00+02:00,1.42092,1.42093,1.42063,1.42063,22
2026-06-30T18:39:00+02:00,1.42063,1.42071,1.42063,1.42065,19
2026-06-30T18:40:00+02:00,1.42065,1.42074,1.42065,1.42073,17
2026-06-30T18:41:00+02:00,1.42073,1.42076,1.42063,1.4206400000000001,23
2026-06-30T18:42:00+02:00,1.4206400000000001,1.42065,1.42046,1.42049,27
2026-06-30T18:43:00+02:00,1.42051,1.4205999999999999,1.42051,1.42057,22
2026-06-30T18:44:00+02:00,1.42058,1.4205999999999999,1.4205,1.4205,26
2026-06-30T18:45:00+02:00,1.42051,1.42052,1.42044,1.42046,13
2026-06-30T18:46:00+02:00,1.42045,1.42048,1.42031,1.42032,21
2026-06-30T18:47:00+02:00,1.42032,1.42047,1.42032,1.42039,14
2026-06-30T18:48:00+02:00,1.42039,1.42048,1.42034,1.4203999999999999,21
2026-06-30T18:49:00+02:00,1.42041,1.4205,1.42039,1.4205,14
2026-06-30T18:50:00+02:00,1.4205,1.42057,1.42045,1.42057,20
2026-06-30T18:51:00+02:00,1.42057,1.4206699999999999,1.42057,1.4206699999999999,17
2026-06-30T18:52:00+02:00,1.42069,1.42071,1.4205999999999999,1.42061,14
2026-06-30T18:53:00+02:00,1.42062,1.42099,1.42061,1.4209800000000001,26
2026-06-30T18:54:00+02:00,1.42099,1.42107,1.4209800000000001,1.4210099999999999,22
2026-06-30T18:55:00+02:00,1.42102,1.42105,1.42081,1.42086,30
2026-06-30T18:56:00+02:00,1.42085,1.42085,1.4207,1.4208,24
2026-06-30T18:57:00+02:00,1.42081,1.42087,1.42075,1.42075,25
2026-06-30T18:58:00+02:00,1.42074,1.4208,1.42071,1.42079,21
2026-06-30T18:59:00+02:00,1.42079,1.42081,1.42071,1.42071,12
2026-06-30T19:00:00+02:00,1.42071,1.42071,1.4206699999999999,1.42069,11
2026-06-30T19:01:00+02:00,1.42069,1.42081,1.42066,1.42079,20
2026-06-30T19:02:00+02:00,1.42079,1.42079,1.42068,1.42072,14
2026-06-30T19:03:00+02:00,1.42072,1.42072,1.42057,1.42058,15
2026-06-30T19:04:00+02:00,1.42058,1.42058,1.4205,1.42057,14
2026-06-30T19:05:00+02:00,1.42057,1.42071,1.42057,1.4207,17
2026-06-30T19:06:00+02:00,1.42071,1.42104,1.42071,1.4210099999999999,29
2026-06-30T19:07:00+02:00,1.4210099999999999,1.42112,1.42097,1.4209800000000001,31
2026-06-30T19:08:00+02:00,1.42097,1.42104,1.42097,1.42103,18
2026-06-30T19:09:00+02:00,1.42103,1.42113,1.42102,1.42113,17
2026-06-30T19:10:00+02:00,1.42113,1.42117,1.42095,1.4210099999999999,31
2026-06-30T19:11:00+02:00,1.42099,1.4210099999999999,1.42088,1.42099,23
2026-06-30T19:12:00+02:00,1.42096,1.42097,1.42089,1.4209399999999999,16
2026-06-30T19:13:00+02:00,1.42095,1.421,1.4209100000000001,1.421,18
2026-06-30T19:14:00+02:00,1.421,1.42112,1.4209800000000001,1.42112,21
2026-06-30T19:15:00+02:00,1.42113,1.42115,1.42106,1.42115,22
2026-06-30T19:16:00+02:00,1.42116,1.42117,1.42112,1.42113,13
2026-06-30T19:17:00+02:00,1.42113,1.42113,1.42104,1.4211,19
2026-06-30T19:18:00+02:00,1.4211,1.4211,1.4209800000000001,1.4210099999999999,13
2026-06-30T19:19:00+02:00,1.4210099999999999,1.42102,1.42092,1.42093,15
2026-06-30T19:20:00+02:00,1.42093,1.42109,1.42093,1.42105,23
2026-06-30T19:21:00+02:00,1.42105,1.42106,1.42102,1.42105,15
2026-06-30T19:22:00+02:00,1.42104,1.42113,1.4210099999999999,1.42113,18
2026-06-30T19:23:00+02:00,1.42112,1.42114,1.42103,1.42104,21
2026-06-30T19:24:00+02:00,1.42104,1.42104,1.42092,1.42092,12
2026-06-30T19:25:00+02:00,1.42093,1.42102,1.4209,1.42097,20
2026-06-30T19:26:00+02:00,1.42096,1.42097,1.42073,1.42075,25
2026-06-30T19:27:00+02:00,1.42075,1.42087,1.42075,1.42087,18
2026-06-30T19:28:00+02:00,1.42087,1.42088,1.42081,1.42082,18
2026-06-30T19:29:00+02:00,1.42082,1.42086,1.42082,1.42086,13
2026-06-30T19:30:00+02:00,1.42085,1.42092,1.42082,1.42082,19
2026-06-30T19:31:00+02:00,1.42082,1.42082,1.42078,1.42082,12
2026-06-30T19:32:00+02:00,1.42082,1.42083,1.4208,1.42082,17
2026-06-30T19:33:00+02:00,1.42082,1.42087,1.42071,1.42071,21
2026-06-30T19:34:00+02:00,1.42071,1.42077,1.42071,1.42074,17
2026-06-30T19:35:00+02:00,1.42073,1.42073,1.42068,1.42071,12
2026-06-30T19:36:00+02:00,1.42071,1.42082,1.42071,1.42082,18
2026-06-30T19:37:00+02:00,1.42082,1.42085,1.42082,1.42083,12
2026-06-30T19:38:00+02:00,1.42083,1.42086,1.42083,1.42083,7
2026-06-30T19:39:00+02:00,1.42083,1.42085,1.42077,1.42084,18
2026-06-30T19:40:00+02:00,1.42084,1.42084,1.42081,1.42083,11
2026-06-30T19:41:00+02:00,1.42083,1.42084,1.4208,1.4208,11
2026-06-30T19:42:00+02:00,1.4208,1.42084,1.42075,1.42075,11
2026-06-30T19:43:00+02:00,1.42075,1.42076,1.42074,1.42075,9
2026-06-30T19:44:00+02:00,1.42073,1.42073,1.42061,1.42063,16
2026-06-30T19:45:00+02:00,1.42063,1.42063,1.42062,1.42063,7
2026-06-30T19:46:00+02:00,1.42063,1.42063,1.42049,1.42051,28
2026-06-30T19:47:00+02:00,1.42051,1.42051,1.4203999999999999,1.42043,15
2026-06-30T19:48:00+02:00,1.4203999999999999,1.4203999999999999,1.42025,1.42025,10
2026-06-30T19:49:00+02:00,1.42023,1.42024,1.42022,1.42024,6
2026-06-30T19:50:00+02:00,1.42024,1.42025,1.42022,1.42024,9
2026-06-30T19:51:00+02:00,1.42024,1.42029,1.42024,1.42024,10
2026-06-30T19:52:00+02:00,1.42024,1.42043,1.42024,1.42043,18
2026-06-30T19:53:00+02:00,1.42043,1.42045,1.4203000000000001,1.42032,19
2026-06-30T19:54:00+02:00,1.42032,1.4203299999999999,1.42031,1.4203299999999999,11
2026-06-30T19:55:00+02:00,1.42032,1.42034,1.42031,1.42031,11
2026-06-30T19:56:00+02:00,1.4203000000000001,1.42031,1.42022,1.42022,11
2026-06-30T19:57:00+02:00,1.42022,1.42025,1.42021,1.42024,10
2026-06-30T19:58:00+02:00,1.42024,1.42024,1.42008,1.42017,19
2026-06-30T19:59:00+02:00,1.42017,1.42028,1.42017,1.42027,13
2026-06-30T20:00:00+02:00,1.42027,1.42029,1.4201,1.4201,24
2026-06-30T20:01:00+02:00,1.4201,1.4201,1.4200599999999999,1.4200599999999999,11
2026-06-30T20:02:00+02:00,1.42007,1.42022,1.42007,1.42022,14
2026-06-30T20:03:00+02:00,1.42022,1.4203299999999999,1.42019,1.42032,20
2026-06-30T20:04:00+02:00,1.42032,1.4203299999999999,1.42021,1.42021,12
2026-06-30T20:05:00+02:00,1.4202,1.42021,1.41988,1.4199,36
2026-06-30T20:06:00+02:00,1.4199,1.41996,1.4198,1.4198,25
2026-06-30T20:07:00+02:00,1.4197899999999999,1.42,1.4197899999999999,1.4199899999999999,16
2026-06-30T20:08:00+02:00,1.4199899999999999,1.42014,1.4199899999999999,1.42013,20
2026-06-30T20:09:00+02:00,1.42013,1.42014,1.4201,1.42012,16
2026-06-30T20:10:00+02:00,1.42012,1.42025,1.42012,1.42025,22
2026-06-30T20:11:00+02:00,1.42024,1.42032,1.42024,1.42031,18
2026-06-30T20:12:00+02:00,1.42032,1.4203299999999999,1.4202,1.4202,22
2026-06-30T20:13:00+02:00,1.4202,1.42025,1.42019,1.42022,13
2026-06-30T20:14:00+02:00,1.42022,1.42023,1.42011,1.42019,17
2026-06-30T20:15:00+02:00,1.42019,1.42038,1.42019,1.42031,27
2026-06-30T20:16:00+02:00,1.42032,1.42045,1.42031,1.42045,18
2026-06-30T20:17:00+02:00,1.42045,1.42045,1.42026,1.4203000000000001,17
2026-06-30T20:18:00+02:00,1.4203000000000001,1.42032,1.4202,1.42021,14
2026-06-30T20:19:00+02:00,1.42021,1.42023,1.4202,1.42022,13
2026-06-30T20:20:00+02:00,1.42021,1.42023,1.42018,1.42022,9
2026-06-30T20:21:00+02:00,1.42022,1.42023,1.42009,1.4201,13
2026-06-30T20:22:00+02:00,1.42009,1.42014,1.42004,1.42014,18
2026-06-30T20:23:00+02:00,1.42013,1.42023,1.4201,1.42023,21
2026-06-30T20:24:00+02:00,1.42023,1.42023,1.42011,1.42012,11
2026-06-30T20:25:00+02:00,1.42014,1.42021,1.42009,1.4201,17
2026-06-30T20:26:00+02:00,1.4201,1.4201,1.41998,1.4200300000000001,16
2026-06-30T20:27:00+02:00,1.42004,1.42009,1.42001,1.42009,9
2026-06-30T20:28:00+02:00,1.42008,1.42011,1.42008,1.42009,6
2026-06-30T20:29:00+02:00,1.42009,1.42009,1.42,1.42,15
2026-06-30T20:30:00+02:00,1.42001,1.42019,1.42001,1.42019,17
2026-06-30T20:31:00+02:00,1.42019,1.42022,1.4201,1.4201,18
2026-06-30T20:32:00+02:00,1.4201,1.42016,1.42009,1.42015,12
2026-06-30T20:33:00+02:00,1.42015,1.42021,1.4201,1.42011,19
2026-06-30T20:34:00+02:00,1.42011,1.42013,1.42009,1.42012,17
2026-06-30T20:35:00+02:00,1.42012,1.42012,1.4200599999999999,1.4200599999999999,8
2026-06-30T20:36:00+02:00,1.4200599999999999,1.42024,1.42,1.42023,20
2026-06-30T20:37:00+02:00,1.42023,1.42029,1.4202,1.42029,9
2026-06-30T20:38:00+02:00,1.42028,1.4203299999999999,1.42028,1.42032,12
2026-06-30T20:39:00+02:00,1.42034,1.42038,1.42029,1.42032,23
2026-06-30T20:40:00+02:00,1.42032,1.42036,1.42031,1.42032,20
2026-06-30T20:41:00+02:00,1.4203299999999999,1.42048,1.4203299999999999,1.42041,23
2026-06-30T20:42:00+02:00,1.42042,1.42042,1.42028,1.42028,19
2026-06-30T20:43:00+02:00,1.42028,1.4203299999999999,1.42028,1.42029,16
2026-06-30T20:44:00+02:00,1.42029,1.4203299999999999,1.42029,1.42031,11
2026-06-30T20:45:00+02:00,1.42031,1.42032,1.4202,1.42021,20
2026-06-30T20:46:00+02:00,1.42021,1.42026,1.42021,1.42022,19
2026-06-30T20:47:00+02:00,1.42022,1.42028,1.42021,1.42025,23
2026-06-30T20:48:00+02:00,1.42025,1.42025,1.4200300000000001,1.4200300000000001,18
2026-06-30T20:49:00+02:00,1.4200300000000001,1.42005,1.41988,1.41993,24
2026-06-30T20:50:00+02:00,1.4199,1.41994,1.41978,1.41978,23
2026-06-30T20:51:00+02:00,1.41978,1.41988,1.41978,1.41985,20
2026-06-30T20:52:00+02:00,1.41986,1.4200300000000001,1.41981,1.4200300000000001,26
2026-06-30T20:53:00+02:00,1.4200300000000001,1.42015,1.42001,1.42015,12
2026-06-30T20:54:00+02:00,1.42015,1.4202,1.42014,1.4202,18
2026-06-30T20:55:00+02:00,1.42022,1.42034,1.42022,1.4203299999999999,23
2026-06-30T20:56:00+02:00,1.42034,1.4203999999999999,1.42027,1.42035,31
2026-06-30T20:57:00+02:00,1.42038,1.42039,1.42016,1.42016,25
2026-06-30T20:58:00+02:00,1.42014,1.42024,1.42014,1.42019,25
2026-06-30T20:59:00+02:00,1.42019,1.42032,1.42019,1.42028,22
2026-06-30T21:00:00+02:00,1.4203000000000001,1.42035,1.42018,1.42027,32
2026-06-30T21:01:00+02:00,1.42026,1.42044,1.42025,1.42036,28
2026-06-30T21:02:00+02:00,1.42038,1.42044,1.42038,1.42043,24
2026-06-30T21:03:00+02:00,1.42042,1.42047,1.4203999999999999,1.42046,14
2026-06-30T21:04:00+02:00,1.42046,1.42047,1.42039,1.42044,15
2026-06-30T21:05:00+02:00,1.42044,1.42044,1.42029,1.4203000000000001,16
2026-06-30T21:06:00+02:00,1.4203000000000001,1.42035,1.42029,1.42034,19
2026-06-30T21:07:00+02:00,1.42034,1.42043,1.4203299999999999,1.42042,15
2026-06-30T21:08:00+02:00,1.42041,1.42041,1.4203299999999999,1.4203700000000001,23
2026-06-30T21:09:00+02:00,1.4203700000000001,1.42052,1.42032,1.42035,30
2026-06-30T21:10:00+02:00,1.42035,1.42035,1.42029,1.42031,12
2026-06-30T21:11:00+02:00,1.42031,1.4203700000000001,1.4202,1.4202,17
2026-06-30T21:12:00+02:00,1.4202,1.4202,1.4201,1.4201,9
2026-06-30T21:13:00+02:00,1.4201,1.42026,1.4201,1.42026,14
2026-06-30T21:14:00+02:00,1.42025,1.42028,1.42021,1.42026,18
2026-06-30T21:15:00+02:00,1.42027,1.42028,1.42019,1.4202,17
2026-06-30T21:16:00+02:00,1.42022,1.4203299999999999,1.42022,1.4203299999999999,16
2026-06-30T21:17:00+02:00,1.4203299999999999,1.4203299999999999,1.42022,1.42025,14
2026-06-30T21:18:00+02:00,1.42025,1.42025,1.42005,1.42005,24
2026-06-30T21:19:00+02:00,1.42005,1.4200599999999999,1.4199899999999999,1.42,19
2026-06-30T21:20:00+02:00,1.42,1.42008,1.41995,1.42004,22
2026-06-30T21:21:00+02:00,1.42004,1.42013,1.42004,1.42013,18
2026-06-30T21:22:00+02:00,1.42013,1.42019,1.42011,1.42013,17
2026-06-30T21:23:00+02:00,1.42011,1.42021,1.42008,1.42021,16
2026-06-30T21:24:00+02:00,1.42023,1.4203999999999999,1.42019,1.42039,28
2026-06-30T21:25:00+02:00,1.42039,1.42043,1.4203299999999999,1.42041,21
2026-06-30T21:26:00+02:00,1.42041,1.42056,1.4203999999999999,1.42053,22
2026-06-30T21:27:00+02:00,1.42053,1.42053,1.42034,1.42035,15
2026-06-30T21:28:00+02:00,1.42035,1.42044,1.42034,1.42042,15
2026-06-30T21:29:00+02:00,1.42044,1.42044,1.42034,1.42034,18
2026-06-30T21:30:00+02:00,1.42034,1.4203700000000001,1.4200599999999999,1.42007,30
2026-06-30T21:31:00+02:00,1.42007,1.42013,1.42002,1.42005,30
2026-06-30T21:32:00+02:00,1.42004,1.42004,1.42,1.42001,19
2026-06-30T21:33:00+02:00,1.42001,1.42001,1.41997,1.41998,12
2026-06-30T21:34:00+02:00,1.41998,1.42002,1.41987,1.41987,18
2026-06-30T21:35:00+02:00,1.41987,1.41994,1.41987,1.41991,21
2026-06-30T21:36:00+02:00,1.41991,1.41991,1.41983,1.4199,18
2026-06-30T21:37:00+02:00,1.4199,1.41993,1.41984,1.41988,21
2026-06-30T21:38:00+02:00,1.41988,1.41993,1.41988,1.41989,13
2026-06-30T21:39:00+02:00,1.41989,1.41994,1.41988,1.41992,13
2026-06-30T21:40:00+02:00,1.41994,1.4199899999999999,1.41989,1.4199899999999999,14
2026-06-30T21:41:00+02:00,1.4199899999999999,1.4199899999999999,1.4197600000000001,1.41978,23
2026-06-30T21:42:00+02:00,1.41977,1.41992,1.41977,1.41992,21
2026-06-30T21:43:00+02:00,1.41992,1.41994,1.41982,1.41982,14
2026-06-30T21:44:00+02:00,1.41982,1.41989,1.4197899999999999,1.41988,16
2026-06-30T21:45:00+02:00,1.41988,1.41989,1.4197899999999999,1.41982,20
2026-06-30T21:46:00+02:00,1.41983,1.41993,1.41982,1.41993,17
2026-06-30T21:47:00+02:00,1.41993,1.41995,1.41992,1.41994,7
2026-06-30T21:48:00+02:00,1.41994,1.41994,1.41991,1.41992,12
2026-06-30T21:49:00+02:00,1.41992,1.41996,1.41982,1.41982,18
2026-06-30T21:50:00+02:00,1.41984,1.41998,1.41983,1.4199,25
2026-06-30T21:51:00+02:00,1.4199,1.41997,1.41989,1.4199,20
2026-06-30T21:52:00+02:00,1.4199,1.41992,1.41983,1.4199,21
2026-06-30T21:53:00+02:00,1.4199,1.41993,1.41985,1.41986,20
2026-06-30T21:54:00+02:00,1.41986,1.41987,1.41967,1.41968,24
2026-06-30T21:55:00+02:00,1.4196900000000001,1.41982,1.41941,1.41941,44
2026-06-30T21:56:00+02:00,1.41943,1.4194499999999999,1.4190800000000001,1.41912,37
2026-06-30T21:57:00+02:00,1.41913,1.41925,1.4182000000000001,1.41827,91
2026-06-30T21:58:00+02:00,1.41826,1.41835,1.41809,1.41815,85
2026-06-30T21:59:00+02:00,1.41812,1.41834,1.41809,1.41826,55
2026-06-30T22:00:00+02:00,1.41824,1.41824,1.41775,1.41811,61
2026-06-30T22:01:00+02:00,1.41808,1.4181300000000001,1.41787,1.41795,42
2026-06-30T22:02:00+02:00,1.4179599999999999,1.4183,1.41795,1.41821,31
2026-06-30T22:03:00+02:00,1.41821,1.41833,1.41815,1.41817,29
2026-06-30T22:04:00+02:00,1.41817,1.41817,1.41814,1.41815,8
2026-06-30T22:05:00+02:00,1.41815,1.4181599999999999,1.41795,1.41797,20
2026-06-30T22:06:00+02:00,1.41798,1.4181300000000001,1.4179,1.41794,32
2026-06-30T22:07:00+02:00,1.41794,1.4181,1.4178899999999999,1.4181,14
2026-06-30T22:08:00+02:00,1.41811,1.41812,1.4179300000000001,1.41804,19
2026-06-30T22:09:00+02:00,1.41803,1.41822,1.41803,1.41821,17
2026-06-30T22:10:00+02:00,1.41821,1.41824,1.4182000000000001,1.4182299999999999,12
2026-06-30T22:11:00+02:00,1.41825,1.41842,1.41825,1.41842,14
2026-06-30T22:12:00+02:00,1.41842,1.41859,1.41842,1.41852,23
2026-06-30T22:13:00+02:00,1.41852,1.41872,1.41852,1.41872,19
2026-06-30T22:14:00+02:00,1.41872,1.41872,1.4186,1.4186,8
2026-06-30T22:15:00+02:00,1.4186,1.41873,1.4186,1.41873,10
2026-06-30T22:16:00+02:00,1.41873,1.41873,1.41869,1.41872,6
2026-06-30T22:17:00+02:00,1.41872,1.41873,1.41871,1.41872,5
2026-06-30T22:18:00+02:00,1.4187400000000001,1.4187400000000001,1.41873,1.4187400000000001,3
2026-06-30T22:19:00+02:00,1.4187400000000001,1.4187400000000001,1.41871,1.41872,6
2026-06-30T22:20:00+02:00,1.41872,1.4187400000000001,1.41872,1.4187400000000001,7
2026-06-30T22:21:00+02:00,1.4187400000000001,1.4187400000000001,1.41851,1.4185699999999999,19
2026-06-30T22:22:00+02:00,1.4185699999999999,1.4185699999999999,1.4184999999999999,1.41852,12
2026-06-30T22:23:00+02:00,1.41852,1.41853,1.41851,1.41851,4
2026-06-30T22:24:00+02:00,1.41851,1.41883,1.41851,1.41883,23
2026-06-30T22:25:00+02:00,1.41883,1.41894,1.41883,1.41894,18
2026-06-30T22:26:00+02:00,1.41894,1.41894,1.41886,1.41893,10
2026-06-30T22:27:00+02:00,1.41893,1.41896,1.41889,1.41892,10
2026-06-30T22:28:00+02:00,1.41892,1.41895,1.41892,1.41894,7
2026-06-30T22:29:00+02:00,1.41894,1.41894,1.4188399999999999,1.41894,13
2026-06-30T22:30:00+02:00,1.41894,1.41894,1.41887,1.41888,7
2026-06-30T22:31:00+02:00,1.41888,1.41889,1.4188399999999999,1.41887,7
2026-06-30T22:32:00+02:00,1.41887,1.41917,1.41886,1.41917,16
2026-06-30T22:33:00+02:00,1.41916,1.4193500000000001,1.41916,1.4193500000000001,26
2026-06-30T22:34:00+02:00,1.4193500000000001,1.4194200000000001,1.41912,1.41912,26
2026-06-30T22:35:00+02:00,1.41912,1.41933,1.41912,1.41927,21
2026-06-30T22:36:00+02:00,1.41928,1.41934,1.41928,1.41934,7
2026-06-30T22:37:00+02:00,1.41934,1.4194,1.41931,1.41937,9
2026-06-30T22:38:00+02:00,1.41937,1.41937,1.41936,1.41937,5
2026-06-30T22:39:00+02:00,1.4193799999999999,1.41948,1.41937,1.4194499999999999,14
2026-06-30T22:40:00+02:00,1.4194499999999999,1.41954,1.4194200000000001,1.41954,15
2026-06-30T22:41:00+02:00,1.41954,1.41954,1.41944,1.41944,10
2026-06-30T22:42:00+02:00,1.4194499999999999,1.41946,1.4194499999999999,1.4194499999999999,3
2026-06-30T22:43:00+02:00,1.4194499999999999,1.41947,1.4194499999999999,1.41947,3
2026-06-30T22:44:00+02:00,1.41947,1.41947,1.41941,1.41941,7
2026-06-30T22:45:00+02:00,1.41941,1.41941,1.41939,1.41941,4
2026-06-30T22:46:00+02:00,1.41941,1.41953,1.41941,1.41946,14
2026-06-30T22:47:00+02:00,1.41946,1.41947,1.41946,1.41946,3
2026-06-30T22:48:00+02:00,1.41946,1.41953,1.41946,1.41953,7
2026-06-30T22:49:00+02:00,1.41953,1.41953,1.41948,1.41952,5
2026-06-30T22:50:00+02:00,1.41948,1.41948,1.41929,1.4194499999999999,27
2026-06-30T22:51:00+02:00,1.4194499999999999,1.41954,1.41941,1.41946,13
2026-06-30T22:52:00+02:00,1.41946,1.41968,1.41946,1.41968,20
2026-06-30T22:53:00+02:00,1.41968,1.41968,1.41958,1.41963,15
2026-06-30T22:54:00+02:00,1.41963,1.41973,1.41963,1.41963,11
2026-06-30T22:55:00+02:00,1.41963,1.41967,1.41962,1.41962,11
2026-06-30T22:56:00+02:00,1.41962,1.41967,1.41957,1.41965,17
2026-06-30T22:57:00+02:00,1.41965,1.4196900000000001,1.41965,1.4196900000000001,3
2026-06-30T22:58:00+02:00,1.41968,1.41968,1.41951,1.41953,14
2026-06-30T22:59:00+02:00,1.41958,1.41962,1.41958,1.41958,17
2026-06-30T23:01:00+02:00,1.41959,1.41959,1.41958,1.41958,2
2026-06-30T23:05:00+02:00,1.41959,1.41959,1.41955,1.41955,10
2026-06-30T23:06:00+02:00,1.41956,1.41957,1.41949,1.4195,9
2026-06-30T23:07:00+02:00,1.41949,1.4195,1.41948,1.4195,7
2026-06-30T23:08:00+02:00,1.41951,1.4196,1.41951,1.41958,18
2026-06-30T23:09:00+02:00,1.41959,1.41959,1.41952,1.41952,12
2026-06-30T23:10:00+02:00,1.41954,1.41955,1.41952,1.41953,6
2026-06-30T23:11:00+02:00,1.41951,1.41952,1.41949,1.41949,5
2026-06-30T23:12:00+02:00,1.41948,1.41952,1.41948,1.41952,6
2026-06-30T23:13:00+02:00,1.4195,1.41953,1.4195,1.41952,4
2026-06-30T23:14:00+02:00,1.41953,1.41955,1.41952,1.41953,9
2026-06-30T23:15:00+02:00,1.41952,1.41954,1.4195,1.4195,11
2026-06-30T23:16:00+02:00,1.41948,1.41952,1.41947,1.41952,12
2026-06-30T23:17:00+02:00,1.41951,1.41952,1.4195,1.41951,6
2026-06-30T23:18:00+02:00,1.41952,1.41955,1.41951,1.41954,6
2026-06-30T23:19:00+02:00,1.41952,1.41954,1.41952,1.41954,2
2026-06-30T23:20:00+02:00,1.41953,1.41955,1.41953,1.41953,5
2026-06-30T23:21:00+02:00,1.41952,1.41952,1.41948,1.41948,4
2026-06-30T23:22:00+02:00,1.41947,1.41947,1.41947,1.41947,1
2026-06-30T23:23:00+02:00,1.41948,1.41953,1.41948,1.41953,7
2026-06-30T23:24:00+02:00,1.41954,1.41957,1.41953,1.41953,10
2026-06-30T23:25:00+02:00,1.41952,1.41952,1.41948,1.41951,10
2026-06-30T23:26:00+02:00,1.41952,1.41955,1.4195,1.41952,9
2026-06-30T23:27:00+02:00,1.41953,1.41954,1.41953,1.41954,2
2026-06-30T23:28:00+02:00,1.41954,1.41954,1.41953,1.41953,2
2026-06-30T23:29:00+02:00,1.41953,1.41953,1.41952,1.41953,3
2026-06-30T23:30:00+02:00,1.41952,1.41954,1.41952,1.41953,6
2026-06-30T23:31:00+02:00,1.41953,1.41954,1.41951,1.41953,8
2026-06-30T23:32:00+02:00,1.41954,1.41955,1.41954,1.41955,2
2026-06-30T23:33:00+02:00,1.41955,1.41956,1.41955,1.41956,2
2026-06-30T23:34:00+02:00,1.41956,1.41956,1.41954,1.41954,5
2026-06-30T23:35:00+02:00,1.41954,1.41955,1.41953,1.41954,7
2026-06-30T23:36:00+02:00,1.41955,1.41956,1.41953,1.41953,13
2026-06-30T23:37:00+02:00,1.41954,1.41956,1.41954,1.41956,11
2026-06-30T23:38:00+02:00,1.41955,1.41956,1.41951,1.41952,10
2026-06-30T23:39:00+02:00,1.41951,1.41953,1.41949,1.41949,8
2026-06-30T23:40:00+02:00,1.41951,1.41952,1.41948,1.41952,8
2026-06-30T23:41:00+02:00,1.41951,1.41951,1.41944,1.41946,11
2026-06-30T23:42:00+02:00,1.4194499999999999,1.41951,1.4194499999999999,1.41948,12
2026-06-30T23:43:00+02:00,1.41949,1.41956,1.41949,1.41954,11
2026-06-30T23:44:00+02:00,1.41955,1.41955,1.41952,1.41952,14
2026-06-30T23:45:00+02:00,1.41953,1.41954,1.41952,1.41953,9
2026-06-30T23:46:00+02:00,1.41954,1.41956,1.41953,1.41954,14
2026-06-30T23:47:00+02:00,1.41953,1.41955,1.41952,1.41953,11
2026-06-30T23:48:00+02:00,1.41954,1.41955,1.41953,1.41953,10
2026-06-30T23:49:00+02:00,1.41951,1.41951,1.41948,1.41948,6
2026-06-30T23:50:00+02:00,1.41949,1.41949,1.41944,1.41944,11
2026-06-30T23:51:00+02:00,1.41946,1.41952,1.41946,1.4195,17
2026-06-30T23:52:00+02:00,1.41952,1.41955,1.41949,1.41954,13
2026-06-30T23:53:00+02:00,1.41953,1.41953,1.41948,1.41949,12
2026-06-30T23:54:00+02:00,1.4195,1.41952,1.41949,1.4195,9
2026-06-30T23:55:00+02:00,1.41952,1.41954,1.41952,1.41954,3
2026-06-30T23:56:00+02:00,1.41954,1.41955,1.41954,1.41955,2
2026-06-30T23:57:00+02:00,1.41955,1.41955,1.41955,1.41955,1
2026-06-30T23:58:00+02:00,1.41955,1.41955,1.41955,1.41955,1
2026-06-30T23:59:00+02:00,1.41955,1.41955,1.41955,1.41955,1
