Africa/Johannesburg,Open,High,Low,Close,Volume
2026-06-01T00:00:00+02:00,1.37953,1.37979,1.37927,1.37979,29
2026-06-01T00:01:00+02:00,1.3798300000000001,1.37985,1.37962,1.3796300000000001,21
2026-06-01T00:02:00+02:00,1.37965,1.3798,1.37965,1.37971,21
2026-06-01T00:03:00+02:00,1.37971,1.37979,1.3795899999999999,1.37977,31
2026-06-01T00:04:00+02:00,1.37979,1.37985,1.37978,1.3798300000000001,13
2026-06-01T00:05:00+02:00,1.3798300000000001,1.3799000000000001,1.37981,1.37989,8
2026-06-01T00:06:00+02:00,1.3799000000000001,1.37992,1.37989,1.37989,9
2026-06-01T00:07:00+02:00,1.37988,1.37994,1.37988,1.37989,12
2026-06-01T00:08:00+02:00,1.37989,1.38005,1.37989,1.38002,11
2026-06-01T00:09:00+02:00,1.38005,1.38013,1.38005,1.38013,6
2026-06-01T00:10:00+02:00,1.38014,1.38014,1.38007,1.3801,9
2026-06-01T00:11:00+02:00,1.38009,1.38009,1.37976,1.37982,16
2026-06-01T00:12:00+02:00,1.37982,1.37984,1.37982,1.37984,5
2026-06-01T00:13:00+02:00,1.37985,1.37989,1.37982,1.37982,7
2026-06-01T00:14:00+02:00,1.37982,1.3798300000000001,1.37982,1.37982,3
2026-06-01T00:15:00+02:00,1.37982,1.37982,1.37975,1.37975,7
2026-06-01T00:16:00+02:00,1.37975,1.37976,1.37975,1.37975,3
2026-06-01T00:17:00+02:00,1.37975,1.37975,1.37975,1.37975,1
2026-06-01T00:18:00+02:00,1.37975,1.37975,1.37967,1.37967,6
2026-06-01T00:19:00+02:00,1.3796599999999999,1.37967,1.3796599999999999,1.37967,4
2026-06-01T00:20:00+02:00,1.37967,1.37967,1.3796599999999999,1.37967,3
2026-06-01T00:21:00+02:00,1.37967,1.37968,1.3796599999999999,1.3796599999999999,4
2026-06-01T00:22:00+02:00,1.3796599999999999,1.37967,1.3795899999999999,1.3796300000000001,9
2026-06-01T00:23:00+02:00,1.3796300000000001,1.37967,1.3796300000000001,1.3796599999999999,6
2026-06-01T00:24:00+02:00,1.3796599999999999,1.37971,1.3796599999999999,1.37971,7
2026-06-01T00:25:00+02:00,1.37971,1.37979,1.37971,1.37975,9
2026-06-01T00:26:00+02:00,1.37975,1.37975,1.37974,1.37974,4
2026-06-01T00:27:00+02:00,1.37974,1.37976,1.37974,1.37974,5
2026-06-01T00:28:00+02:00,1.37974,1.37974,1.37974,1.37974,1
2026-06-01T00:29:00+02:00,1.37973,1.37974,1.37973,1.37974,6
2026-06-01T00:30:00+02:00,1.37974,1.37975,1.37974,1.37975,4
2026-06-01T00:31:00+02:00,1.37975,1.37977,1.37974,1.37976,6
2026-06-01T00:32:00+02:00,1.37976,1.3798,1.37976,1.3798,3
2026-06-01T00:33:00+02:00,1.37979,1.37982,1.37977,1.37978,8
2026-06-01T00:34:00+02:00,1.37978,1.37981,1.37978,1.37981,6
2026-06-01T00:35:00+02:00,1.37981,1.3798300000000001,1.37979,1.37981,13
2026-06-01T00:36:00+02:00,1.37981,1.37981,1.37978,1.37978,4
2026-06-01T00:37:00+02:00,1.37978,1.37984,1.37977,1.37984,8
2026-06-01T00:38:00+02:00,1.37984,1.37985,1.37984,1.37985,4
2026-06-01T00:39:00+02:00,1.37984,1.37985,1.37984,1.37985,4
2026-06-01T00:40:00+02:00,1.37985,1.37985,1.37984,1.37984,2
2026-06-01T00:41:00+02:00,1.37984,1.37984,1.37982,1.37982,4
2026-06-01T00:42:00+02:00,1.37982,1.37982,1.3798,1.37981,4
2026-06-01T00:43:00+02:00,1.37981,1.37981,1.3798,1.37981,3
2026-06-01T00:44:00+02:00,1.37981,1.37981,1.3798,1.3798,2
2026-06-01T00:45:00+02:00,1.37978,1.37978,1.37975,1.37976,5
2026-06-01T00:46:00+02:00,1.37976,1.37976,1.3797,1.3797,4
2026-06-01T00:47:00+02:00,1.3797,1.37971,1.37967,1.3797,11
2026-06-01T00:48:00+02:00,1.37969,1.37972,1.37969,1.37971,4
2026-06-01T00:49:00+02:00,1.37971,1.37975,1.3797,1.37971,9
2026-06-01T00:50:00+02:00,1.37971,1.37971,1.3797,1.3797,6
2026-06-01T00:51:00+02:00,1.3797,1.37971,1.3797,1.3797,3
2026-06-01T00:52:00+02:00,1.3797,1.37971,1.3797,1.37971,4
2026-06-01T00:53:00+02:00,1.37971,1.37971,1.3797,1.37971,3
2026-06-01T00:54:00+02:00,1.37971,1.37971,1.3797,1.37971,3
2026-06-01T00:55:00+02:00,1.37971,1.37972,1.3797,1.37971,5
2026-06-01T00:56:00+02:00,1.37971,1.37971,1.3797,1.3797,4
2026-06-01T00:57:00+02:00,1.3797,1.37971,1.37954,1.37961,16
2026-06-01T00:58:00+02:00,1.37961,1.37961,1.37945,1.37954,22
2026-06-01T00:59:00+02:00,1.37955,1.37961,1.37948,1.37949,29
2026-06-01T01:00:00+02:00,1.37949,1.37968,1.37948,1.3795899999999999,47
2026-06-01T01:01:00+02:00,1.3795899999999999,1.37973,1.37955,1.37968,36
2026-06-01T01:02:00+02:00,1.37968,1.37977,1.37968,1.37977,17
2026-06-01T01:03:00+02:00,1.37977,1.37977,1.3795899999999999,1.3795899999999999,15
2026-06-01T01:04:00+02:00,1.3795899999999999,1.37962,1.37951,1.37951,19
2026-06-01T01:05:00+02:00,1.37951,1.37952,1.3795,1.37952,9
2026-06-01T01:06:00+02:00,1.37952,1.37958,1.37951,1.37958,9
2026-06-01T01:07:00+02:00,1.37958,1.37958,1.37957,1.37958,3
2026-06-01T01:08:00+02:00,1.37957,1.37957,1.37948,1.37949,6
2026-06-01T01:09:00+02:00,1.37948,1.37949,1.37948,1.37949,2
2026-06-01T01:10:00+02:00,1.37949,1.37951,1.37948,1.37949,10
2026-06-01T01:11:00+02:00,1.37949,1.37952,1.37949,1.37952,3
2026-06-01T01:12:00+02:00,1.37952,1.37953,1.37952,1.37952,3
2026-06-01T01:13:00+02:00,1.37952,1.37953,1.37951,1.37951,6
2026-06-01T01:14:00+02:00,1.37951,1.37952,1.3795,1.37951,9
2026-06-01T01:15:00+02:00,1.37951,1.37952,1.37951,1.37951,5
2026-06-01T01:16:00+02:00,1.37951,1.37958,1.37951,1.37958,5
2026-06-01T01:17:00+02:00,1.37958,1.37958,1.37957,1.37958,5
2026-06-01T01:18:00+02:00,1.37958,1.37958,1.37958,1.37958,1
2026-06-01T01:19:00+02:00,1.37958,1.3795899999999999,1.37958,1.3795899999999999,2
2026-06-01T01:20:00+02:00,1.37958,1.3795899999999999,1.37958,1.37958,5
2026-06-01T01:21:00+02:00,1.37958,1.37958,1.37949,1.3795600000000001,11
2026-06-01T01:22:00+02:00,1.3795600000000001,1.3795899999999999,1.3795600000000001,1.37957,8
2026-06-01T01:23:00+02:00,1.37957,1.37957,1.37957,1.37957,1
2026-06-01T01:24:00+02:00,1.37957,1.37958,1.37957,1.37958,2
2026-06-01T01:25:00+02:00,1.37958,1.37958,1.37958,1.37958,1
2026-06-01T01:26:00+02:00,1.37958,1.37958,1.37954,1.37958,10
2026-06-01T01:27:00+02:00,1.37958,1.37958,1.37954,1.37954,3
2026-06-01T01:28:00+02:00,1.37954,1.37957,1.3795,1.3795,8
2026-06-01T01:29:00+02:00,1.3795,1.37951,1.37949,1.3795,7
2026-06-01T01:30:00+02:00,1.37949,1.3795,1.37949,1.37949,3
2026-06-01T01:31:00+02:00,1.37949,1.37952,1.37948,1.37949,7
2026-06-01T01:32:00+02:00,1.3795,1.3795,1.37949,1.37949,2
2026-06-01T01:33:00+02:00,1.37949,1.37955,1.37949,1.37954,7
2026-06-01T01:34:00+02:00,1.37954,1.3795899999999999,1.37954,1.37954,7
2026-06-01T01:35:00+02:00,1.37954,1.37954,1.37954,1.37954,1
2026-06-01T01:36:00+02:00,1.37954,1.37955,1.37954,1.37955,2
2026-06-01T01:37:00+02:00,1.37955,1.37955,1.37955,1.37955,1
2026-06-01T01:38:00+02:00,1.37955,1.37955,1.37955,1.37955,1
2026-06-01T01:39:00+02:00,1.37955,1.37955,1.37955,1.37955,1
2026-06-01T01:40:00+02:00,1.37955,1.37955,1.37954,1.37954,2
2026-06-01T01:41:00+02:00,1.37954,1.37954,1.37945,1.37949,11
2026-06-01T01:42:00+02:00,1.37949,1.37949,1.37944,1.37944,3
2026-06-01T01:43:00+02:00,1.37944,1.37944,1.37944,1.37944,1
2026-06-01T01:44:00+02:00,1.37944,1.37945,1.37942,1.37944,7
2026-06-01T01:45:00+02:00,1.37944,1.37944,1.37889,1.3791,136
2026-06-01T01:46:00+02:00,1.37909,1.37931,1.37909,1.37912,50
2026-06-01T01:47:00+02:00,1.37911,1.37916,1.37906,1.37915,29
2026-06-01T01:48:00+02:00,1.37915,1.37916,1.3790499999999999,1.37906,26
2026-06-01T01:49:00+02:00,1.3790499999999999,1.37911,1.3790499999999999,1.37907,23
2026-06-01T01:50:00+02:00,1.37907,1.37918,1.37907,1.37917,21
2026-06-01T01:51:00+02:00,1.37917,1.37928,1.37917,1.3792200000000001,11
2026-06-01T01:52:00+02:00,1.3792200000000001,1.37931,1.3792200000000001,1.3792900000000001,8
2026-06-01T01:53:00+02:00,1.3792900000000001,1.37937,1.37928,1.37937,8
2026-06-01T01:54:00+02:00,1.37937,1.37947,1.37937,1.37947,8
2026-06-01T01:55:00+02:00,1.37947,1.37947,1.37946,1.37947,5
2026-06-01T01:56:00+02:00,1.37947,1.37947,1.37946,1.37947,3
2026-06-01T01:57:00+02:00,1.37947,1.37951,1.37947,1.37951,4
2026-06-01T01:58:00+02:00,1.37951,1.37953,1.37946,1.37948,12
2026-06-01T01:59:00+02:00,1.37948,1.37967,1.37948,1.3796599999999999,19
2026-06-01T02:00:00+02:00,1.3796599999999999,1.37982,1.3796599999999999,1.37979,28
2026-06-01T02:01:00+02:00,1.3798,1.37989,1.37979,1.3798599999999999,20
2026-06-01T02:02:00+02:00,1.3798599999999999,1.37996,1.3798599999999999,1.37992,22
2026-06-01T02:03:00+02:00,1.3799000000000001,1.3799299999999999,1.3798599999999999,1.37992,23
2026-06-01T02:04:00+02:00,1.3799299999999999,1.3799299999999999,1.37977,1.3798300000000001,34
2026-06-01T02:05:00+02:00,1.3798300000000001,1.37987,1.37975,1.37987,23
2026-06-01T02:06:00+02:00,1.37988,1.37994,1.37987,1.37989,12
2026-06-01T02:07:00+02:00,1.37989,1.37989,1.37987,1.37989,4
2026-06-01T02:08:00+02:00,1.37989,1.37989,1.37985,1.37988,15
2026-06-01T02:09:00+02:00,1.37988,1.3799000000000001,1.37985,1.37987,12
2026-06-01T02:10:00+02:00,1.37987,1.37991,1.37987,1.37989,12
2026-06-01T02:11:00+02:00,1.37989,1.37991,1.37989,1.37989,4
2026-06-01T02:12:00+02:00,1.37989,1.37991,1.37988,1.37988,8
2026-06-01T02:13:00+02:00,1.37988,1.37988,1.37982,1.37988,24
2026-06-01T02:14:00+02:00,1.37988,1.38011,1.37988,1.38007,20
2026-06-01T02:15:00+02:00,1.38007,1.38007,1.37996,1.38,31
2026-06-01T02:16:00+02:00,1.38,1.38002,1.3799000000000001,1.3799299999999999,26
2026-06-01T02:17:00+02:00,1.3799299999999999,1.38004,1.3799299999999999,1.38002,34
2026-06-01T02:18:00+02:00,1.38003,1.38003,1.38,1.38001,25
2026-06-01T02:19:00+02:00,1.38001,1.38018,1.38,1.38015,26
2026-06-01T02:20:00+02:00,1.38015,1.38018,1.38014,1.38018,10
2026-06-01T02:21:00+02:00,1.3801999999999999,1.38031,1.3801999999999999,1.38028,21
2026-06-01T02:22:00+02:00,1.38028,1.38036,1.38028,1.38035,15
2026-06-01T02:23:00+02:00,1.38035,1.38037,1.38035,1.38037,15
2026-06-01T02:24:00+02:00,1.38037,1.3804400000000001,1.38036,1.38036,29
2026-06-01T02:25:00+02:00,1.38037,1.3804400000000001,1.38037,1.38043,24
2026-06-01T02:26:00+02:00,1.38043,1.38055,1.38043,1.3805100000000001,31
2026-06-01T02:27:00+02:00,1.3805100000000001,1.3805399999999999,1.3804400000000001,1.38045,30
2026-06-01T02:28:00+02:00,1.3804400000000001,1.38046,1.3804,1.3804,26
2026-06-01T02:29:00+02:00,1.38043,1.38043,1.38036,1.38038,13
2026-06-01T02:30:00+02:00,1.38037,1.38039,1.38029,1.38036,31
2026-06-01T02:31:00+02:00,1.38037,1.38041,1.38035,1.38041,24
2026-06-01T02:32:00+02:00,1.3804,1.38043,1.38038,1.38039,23
2026-06-01T02:33:00+02:00,1.38038,1.38046,1.38038,1.3804400000000001,22
2026-06-01T02:34:00+02:00,1.3804400000000001,1.38046,1.38043,1.38046,18
2026-06-01T02:35:00+02:00,1.38045,1.38045,1.38042,1.38045,14
2026-06-01T02:36:00+02:00,1.38045,1.3805,1.38045,1.3805,15
2026-06-01T02:37:00+02:00,1.3805,1.3805399999999999,1.38048,1.38053,17
2026-06-01T02:38:00+02:00,1.38053,1.38055,1.38053,1.3805399999999999,12
2026-06-01T02:39:00+02:00,1.3805399999999999,1.3805399999999999,1.3804699999999999,1.3804699999999999,11
2026-06-01T02:40:00+02:00,1.3804699999999999,1.38053,1.3804699999999999,1.3805,11
2026-06-01T02:41:00+02:00,1.3805,1.38057,1.3805,1.3805399999999999,15
2026-06-01T02:42:00+02:00,1.3805399999999999,1.38056,1.3805399999999999,1.3805399999999999,13
2026-06-01T02:43:00+02:00,1.3805399999999999,1.38055,1.3805,1.38052,16
2026-06-01T02:44:00+02:00,1.38053,1.38053,1.38052,1.38052,8
2026-06-01T02:45:00+02:00,1.3805,1.38053,1.3805,1.38052,7
2026-06-01T02:46:00+02:00,1.38052,1.38052,1.38043,1.38045,15
2026-06-01T02:47:00+02:00,1.38045,1.3805399999999999,1.3804400000000001,1.38053,10
2026-06-01T02:48:00+02:00,1.38053,1.38053,1.38052,1.38053,5
2026-06-01T02:49:00+02:00,1.38053,1.38053,1.38046,1.38052,12
2026-06-01T02:50:00+02:00,1.38052,1.38053,1.3805100000000001,1.38052,7
2026-06-01T02:51:00+02:00,1.38052,1.38053,1.38043,1.38045,12
2026-06-01T02:52:00+02:00,1.38045,1.38045,1.38035,1.38036,16
2026-06-01T02:53:00+02:00,1.38036,1.38049,1.38036,1.3804699999999999,24
2026-06-01T02:54:00+02:00,1.38048,1.3805399999999999,1.38046,1.38052,17
2026-06-01T02:55:00+02:00,1.3805399999999999,1.38056,1.3804699999999999,1.3805399999999999,16
2026-06-01T02:56:00+02:00,1.3805399999999999,1.3805399999999999,1.38042,1.3804400000000001,14
2026-06-01T02:57:00+02:00,1.3804400000000001,1.38045,1.38035,1.38035,12
2026-06-01T02:58:00+02:00,1.38035,1.38037,1.38033,1.38037,7
2026-06-01T02:59:00+02:00,1.38037,1.3804400000000001,1.38035,1.38043,18
2026-06-01T03:00:00+02:00,1.38043,1.3805100000000001,1.38038,1.38045,30
2026-06-01T03:01:00+02:00,1.38046,1.3805399999999999,1.38041,1.3805399999999999,15
2026-06-01T03:02:00+02:00,1.3805399999999999,1.38071,1.38053,1.3807,18
2026-06-01T03:03:00+02:00,1.3807,1.38075,1.3807,1.38073,9
2026-06-01T03:04:00+02:00,1.38074,1.38089,1.38074,1.38087,25
2026-06-01T03:05:00+02:00,1.38089,1.3809,1.38086,1.3808799999999999,18
2026-06-01T03:06:00+02:00,1.3808799999999999,1.3808799999999999,1.38083,1.3808799999999999,24
2026-06-01T03:07:00+02:00,1.3808799999999999,1.38091,1.38073,1.38074,40
2026-06-01T03:08:00+02:00,1.38074,1.38076,1.38073,1.38076,20
2026-06-01T03:09:00+02:00,1.38075,1.38076,1.38073,1.38074,14
2026-06-01T03:10:00+02:00,1.38074,1.3808,1.38074,1.38079,28
2026-06-01T03:11:00+02:00,1.38079,1.3808099999999999,1.3807800000000001,1.3808099999999999,28
2026-06-01T03:12:00+02:00,1.3808099999999999,1.3808099999999999,1.38072,1.38075,16
2026-06-01T03:13:00+02:00,1.38075,1.38075,1.38067,1.3807,21
2026-06-01T03:14:00+02:00,1.3807,1.38074,1.3807,1.38071,23
2026-06-01T03:15:00+02:00,1.38071,1.38077,1.3807,1.38075,21
2026-06-01T03:16:00+02:00,1.38075,1.38077,1.38074,1.38077,27
2026-06-01T03:17:00+02:00,1.38077,1.38079,1.38074,1.38075,19
2026-06-01T03:18:00+02:00,1.38076,1.38076,1.38074,1.38075,12
2026-06-01T03:19:00+02:00,1.38075,1.3807800000000001,1.38075,1.3807800000000001,16
2026-06-01T03:20:00+02:00,1.3807800000000001,1.3807800000000001,1.38067,1.38068,23
2026-06-01T03:21:00+02:00,1.38068,1.38069,1.38058,1.38062,24
2026-06-01T03:22:00+02:00,1.38061,1.38066,1.38061,1.38062,18
2026-06-01T03:23:00+02:00,1.38061,1.38065,1.3806,1.38061,21
2026-06-01T03:24:00+02:00,1.38061,1.38065,1.38061,1.38065,6
2026-06-01T03:25:00+02:00,1.38065,1.38066,1.38064,1.38066,6
2026-06-01T03:26:00+02:00,1.38065,1.38066,1.38064,1.38064,16
2026-06-01T03:27:00+02:00,1.38064,1.38069,1.38064,1.38069,12
2026-06-01T03:28:00+02:00,1.38069,1.38072,1.38066,1.38072,18
2026-06-01T03:29:00+02:00,1.38072,1.38076,1.38071,1.38075,16
2026-06-01T03:30:00+02:00,1.38075,1.38076,1.38068,1.38074,23
2026-06-01T03:31:00+02:00,1.38075,1.38075,1.38072,1.38074,19
2026-06-01T03:32:00+02:00,1.38074,1.3808500000000001,1.38074,1.38084,20
2026-06-01T03:33:00+02:00,1.38084,1.3808500000000001,1.38072,1.38073,25
2026-06-01T03:34:00+02:00,1.38073,1.38075,1.38068,1.3807,19
2026-06-01T03:35:00+02:00,1.3807,1.38071,1.38067,1.3807,23
2026-06-01T03:36:00+02:00,1.3807,1.3807,1.38063,1.38065,21
2026-06-01T03:37:00+02:00,1.38065,1.38069,1.38064,1.38068,16
2026-06-01T03:38:00+02:00,1.38068,1.38074,1.38068,1.38072,17
2026-06-01T03:39:00+02:00,1.38073,1.38076,1.38072,1.38076,13
2026-06-01T03:40:00+02:00,1.38075,1.38075,1.38071,1.38074,15
2026-06-01T03:41:00+02:00,1.38074,1.38075,1.38073,1.38075,9
2026-06-01T03:42:00+02:00,1.38076,1.3808099999999999,1.38074,1.38076,24
2026-06-01T03:43:00+02:00,1.3807800000000001,1.3807800000000001,1.38073,1.38074,11
2026-06-01T03:44:00+02:00,1.38076,1.38082,1.38076,1.38076,18
2026-06-01T03:45:00+02:00,1.38076,1.38079,1.38069,1.3807,18
2026-06-01T03:46:00+02:00,1.3807,1.38073,1.3807,1.38073,15
2026-06-01T03:47:00+02:00,1.38073,1.38073,1.38072,1.38073,7
2026-06-01T03:48:00+02:00,1.38074,1.38074,1.38072,1.38073,8
2026-06-01T03:49:00+02:00,1.38073,1.38083,1.38073,1.38082,13
2026-06-01T03:50:00+02:00,1.38082,1.3808799999999999,1.3808,1.38082,22
2026-06-01T03:51:00+02:00,1.38082,1.38082,1.38073,1.38074,14
2026-06-01T03:52:00+02:00,1.38074,1.38075,1.38069,1.3807,10
2026-06-01T03:53:00+02:00,1.3807,1.38072,1.3807,1.3807,7
2026-06-01T03:54:00+02:00,1.3807,1.3807,1.38065,1.3807,10
2026-06-01T03:55:00+02:00,1.38072,1.38074,1.38072,1.38073,15
2026-06-01T03:56:00+02:00,1.38073,1.38075,1.38072,1.38073,18
2026-06-01T03:57:00+02:00,1.38074,1.38082,1.38073,1.38082,8
2026-06-01T03:58:00+02:00,1.38082,1.38084,1.3808099999999999,1.38082,9
2026-06-01T03:59:00+02:00,1.38083,1.38083,1.3808,1.3808,9
2026-06-01T04:00:00+02:00,1.3808,1.3808099999999999,1.38076,1.38076,10
2026-06-01T04:01:00+02:00,1.38076,1.38076,1.38072,1.38074,12
2026-06-01T04:02:00+02:00,1.38074,1.38074,1.38072,1.38074,4
2026-06-01T04:03:00+02:00,1.38074,1.3808099999999999,1.38073,1.38077,12
2026-06-01T04:04:00+02:00,1.38077,1.38077,1.38072,1.38072,8
2026-06-01T04:05:00+02:00,1.38072,1.38073,1.38065,1.38065,13
2026-06-01T04:06:00+02:00,1.38064,1.38065,1.3806,1.3806,6
2026-06-01T04:07:00+02:00,1.3806,1.38062,1.38056,1.38061,14
2026-06-01T04:08:00+02:00,1.38061,1.38066,1.38058,1.38062,16
2026-06-01T04:09:00+02:00,1.38062,1.38069,1.38062,1.38069,5
2026-06-01T04:10:00+02:00,1.38069,1.38071,1.38065,1.3807,11
2026-06-01T04:11:00+02:00,1.3807,1.38076,1.3807,1.38073,10
2026-06-01T04:12:00+02:00,1.38074,1.38076,1.38073,1.38076,7
2026-06-01T04:13:00+02:00,1.38076,1.38076,1.38071,1.38072,9
2026-06-01T04:14:00+02:00,1.38072,1.38072,1.38071,1.38071,2
2026-06-01T04:15:00+02:00,1.38071,1.38071,1.38066,1.38066,4
2026-06-01T04:16:00+02:00,1.38066,1.38069,1.38066,1.38067,12
2026-06-01T04:17:00+02:00,1.38067,1.3807,1.38067,1.3807,3
2026-06-01T04:18:00+02:00,1.38071,1.38072,1.3807,1.38071,9
2026-06-01T04:19:00+02:00,1.38071,1.38072,1.3807,1.3807,10
2026-06-01T04:20:00+02:00,1.3807,1.38073,1.3807,1.38072,12
2026-06-01T04:21:00+02:00,1.38071,1.38079,1.38071,1.38079,10
2026-06-01T04:22:00+02:00,1.38079,1.3808,1.38079,1.38079,3
2026-06-01T04:23:00+02:00,1.38082,1.38082,1.38077,1.38079,10
2026-06-01T04:24:00+02:00,1.38079,1.3808,1.38079,1.3808,2
2026-06-01T04:25:00+02:00,1.3808,1.38083,1.3808,1.38082,8
2026-06-01T04:26:00+02:00,1.38082,1.38092,1.38082,1.3808799999999999,17
2026-06-01T04:27:00+02:00,1.3808799999999999,1.38089,1.38087,1.3808799999999999,9
2026-06-01T04:28:00+02:00,1.3808799999999999,1.38089,1.38087,1.38089,7
2026-06-01T04:29:00+02:00,1.38089,1.38089,1.38087,1.38089,4
2026-06-01T04:30:00+02:00,1.38089,1.38101,1.38089,1.381,18
2026-06-01T04:31:00+02:00,1.381,1.38101,1.38096,1.38101,18
2026-06-01T04:32:00+02:00,1.38101,1.38106,1.381,1.38104,9
2026-06-01T04:33:00+02:00,1.38104,1.38104,1.38099,1.381,14
2026-06-01T04:34:00+02:00,1.38099,1.38099,1.38089,1.38089,7
2026-06-01T04:35:00+02:00,1.38089,1.38089,1.3808500000000001,1.38086,8
2026-06-01T04:36:00+02:00,1.3808500000000001,1.3808500000000001,1.38084,1.3808500000000001,15
2026-06-01T04:37:00+02:00,1.38084,1.38089,1.3808099999999999,1.3808500000000001,15
2026-06-01T04:38:00+02:00,1.3808500000000001,1.3808500000000001,1.3808099999999999,1.38084,13
2026-06-01T04:39:00+02:00,1.38084,1.3808500000000001,1.38083,1.3808500000000001,10
2026-06-01T04:40:00+02:00,1.38084,1.38091,1.38084,1.38089,13
2026-06-01T04:41:00+02:00,1.38089,1.38089,1.38084,1.38087,7
2026-06-01T04:42:00+02:00,1.38087,1.38091,1.38087,1.3809,16
2026-06-01T04:43:00+02:00,1.3809,1.3809,1.38089,1.3809,11
2026-06-01T04:44:00+02:00,1.3809,1.381,1.3809,1.38098,15
2026-06-01T04:45:00+02:00,1.38098,1.38099,1.38094,1.38094,13
2026-06-01T04:46:00+02:00,1.38094,1.38104,1.38094,1.38103,16
2026-06-01T04:47:00+02:00,1.38103,1.38103,1.38099,1.38103,15
2026-06-01T04:48:00+02:00,1.38103,1.38111,1.38101,1.3811,24
2026-06-01T04:49:00+02:00,1.3810799999999999,1.38109,1.38098,1.381,27
2026-06-01T04:50:00+02:00,1.38099,1.38103,1.38099,1.38103,10
2026-06-01T04:51:00+02:00,1.38101,1.38102,1.381,1.38101,21
2026-06-01T04:52:00+02:00,1.38102,1.38103,1.38102,1.38102,13
2026-06-01T04:53:00+02:00,1.38102,1.38102,1.38099,1.38099,16
2026-06-01T04:54:00+02:00,1.38099,1.38099,1.38093,1.38094,13
2026-06-01T04:55:00+02:00,1.38094,1.38094,1.38093,1.38094,5
2026-06-01T04:56:00+02:00,1.38093,1.38093,1.38091,1.38091,10
2026-06-01T04:57:00+02:00,1.38091,1.38091,1.38086,1.38089,10
2026-06-01T04:58:00+02:00,1.38089,1.38089,1.38082,1.38083,21
2026-06-01T04:59:00+02:00,1.38083,1.3808500000000001,1.3808099999999999,1.38083,14
2026-06-01T05:00:00+02:00,1.38082,1.38087,1.38082,1.38086,15
2026-06-01T05:01:00+02:00,1.38087,1.38087,1.38083,1.38084,9
2026-06-01T05:02:00+02:00,1.38084,1.38084,1.38076,1.38076,10
2026-06-01T05:03:00+02:00,1.38076,1.38077,1.38068,1.38068,16
2026-06-01T05:04:00+02:00,1.38069,1.38074,1.38068,1.38074,13
2026-06-01T05:05:00+02:00,1.38074,1.38075,1.38073,1.38074,8
2026-06-01T05:06:00+02:00,1.38074,1.38075,1.38074,1.38074,5
2026-06-01T05:07:00+02:00,1.38074,1.38075,1.38072,1.38072,9
2026-06-01T05:08:00+02:00,1.38072,1.38074,1.38072,1.38074,10
2026-06-01T05:09:00+02:00,1.38074,1.38083,1.38073,1.38082,12
2026-06-01T05:10:00+02:00,1.38082,1.38083,1.3808099999999999,1.3808099999999999,6
2026-06-01T05:11:00+02:00,1.3808099999999999,1.38084,1.3808099999999999,1.38084,6
2026-06-01T05:12:00+02:00,1.38084,1.38084,1.38083,1.38084,3
2026-06-01T05:13:00+02:00,1.38084,1.38084,1.38082,1.38083,8
2026-06-01T05:14:00+02:00,1.38083,1.38086,1.38083,1.38086,4
2026-06-01T05:15:00+02:00,1.38086,1.3809,1.38086,1.38086,15
2026-06-01T05:16:00+02:00,1.38086,1.38087,1.38084,1.38086,12
2026-06-01T05:17:00+02:00,1.38086,1.38087,1.3808500000000001,1.38086,5
2026-06-01T05:18:00+02:00,1.38086,1.38101,1.3808500000000001,1.38099,29
2026-06-01T05:19:00+02:00,1.38099,1.3811499999999999,1.38097,1.3811,21
2026-06-01T05:20:00+02:00,1.3811,1.3811,1.381,1.38101,15
2026-06-01T05:21:00+02:00,1.38101,1.38105,1.38099,1.38101,18
2026-06-01T05:22:00+02:00,1.38101,1.38103,1.38099,1.38102,25
2026-06-01T05:23:00+02:00,1.38102,1.38102,1.38101,1.38102,25
2026-06-01T05:24:00+02:00,1.38101,1.38103,1.38098,1.381,13
2026-06-01T05:25:00+02:00,1.381,1.381,1.38095,1.38097,13
2026-06-01T05:26:00+02:00,1.38097,1.381,1.38091,1.38094,19
2026-06-01T05:27:00+02:00,1.38093,1.38094,1.3808500000000001,1.3808500000000001,21
2026-06-01T05:28:00+02:00,1.38083,1.38083,1.38073,1.38074,13
2026-06-01T05:29:00+02:00,1.38074,1.38074,1.38072,1.38072,5
2026-06-01T05:30:00+02:00,1.38072,1.38076,1.38068,1.38076,14
2026-06-01T05:31:00+02:00,1.38075,1.38075,1.38067,1.38073,15
2026-06-01T05:32:00+02:00,1.38072,1.38076,1.38068,1.38076,11
2026-06-01T05:33:00+02:00,1.38076,1.3808099999999999,1.38076,1.3808,9
2026-06-01T05:34:00+02:00,1.3808,1.38084,1.3808,1.38084,7
2026-06-01T05:35:00+02:00,1.38084,1.38089,1.38084,1.38089,11
2026-06-01T05:36:00+02:00,1.38092,1.38095,1.38092,1.38095,12
2026-06-01T05:37:00+02:00,1.38096,1.38098,1.38093,1.38094,11
2026-06-01T05:38:00+02:00,1.38094,1.38097,1.38093,1.38096,16
2026-06-01T05:39:00+02:00,1.38096,1.381,1.38093,1.38095,13
2026-06-01T05:40:00+02:00,1.38095,1.38095,1.38094,1.38094,6
2026-06-01T05:41:00+02:00,1.38094,1.38109,1.38094,1.38109,13
2026-06-01T05:42:00+02:00,1.3810799999999999,1.38113,1.38107,1.3811,13
2026-06-01T05:43:00+02:00,1.38109,1.38117,1.38109,1.38116,16
2026-06-01T05:44:00+02:00,1.38116,1.38121,1.38116,1.38118,9
2026-06-01T05:45:00+02:00,1.38118,1.38118,1.38109,1.3811499999999999,18
2026-06-01T05:46:00+02:00,1.3811499999999999,1.38116,1.3810799999999999,1.38109,14
2026-06-01T05:47:00+02:00,1.38109,1.38116,1.3810799999999999,1.38116,11
2026-06-01T05:48:00+02:00,1.3811499999999999,1.3811499999999999,1.38111,1.38113,7
2026-06-01T05:49:00+02:00,1.38113,1.38116,1.38111,1.3811499999999999,10
2026-06-01T05:50:00+02:00,1.3811499999999999,1.3811499999999999,1.3811200000000001,1.3811499999999999,20
2026-06-01T05:51:00+02:00,1.38114,1.3811499999999999,1.38113,1.38114,10
2026-06-01T05:52:00+02:00,1.38114,1.3811499999999999,1.38111,1.38111,6
2026-06-01T05:53:00+02:00,1.38111,1.38111,1.38109,1.38109,14
2026-06-01T05:54:00+02:00,1.3811,1.38111,1.38109,1.3811,9
2026-06-01T05:55:00+02:00,1.3811,1.3811,1.38104,1.3810799999999999,16
2026-06-01T05:56:00+02:00,1.3810799999999999,1.3811499999999999,1.3810799999999999,1.3811499999999999,7
2026-06-01T05:57:00+02:00,1.38116,1.38122,1.38116,1.38122,10
2026-06-01T05:58:00+02:00,1.38124,1.38128,1.38122,1.38128,10
2026-06-01T05:59:00+02:00,1.38128,1.3813,1.38124,1.38127,15
2026-06-01T06:00:00+02:00,1.38127,1.38129,1.38125,1.38127,11
2026-06-01T06:01:00+02:00,1.38128,1.38128,1.3812,1.3812,22
2026-06-01T06:02:00+02:00,1.3812,1.38121,1.38114,1.38119,17
2026-06-01T06:03:00+02:00,1.38119,1.38119,1.3811200000000001,1.38118,12
2026-06-01T06:04:00+02:00,1.38118,1.38118,1.38116,1.38116,5
2026-06-01T06:05:00+02:00,1.38116,1.38116,1.3811499999999999,1.3811499999999999,2
2026-06-01T06:06:00+02:00,1.3811499999999999,1.38116,1.3810799999999999,1.3810799999999999,13
2026-06-01T06:07:00+02:00,1.3810799999999999,1.3811,1.3810799999999999,1.38109,6
2026-06-01T06:08:00+02:00,1.3810799999999999,1.3811,1.38098,1.38098,10
2026-06-01T06:09:00+02:00,1.38098,1.3810799999999999,1.38098,1.38107,14
2026-06-01T06:10:00+02:00,1.38107,1.38111,1.38107,1.38111,7
2026-06-01T06:11:00+02:00,1.38111,1.38111,1.38107,1.38107,4
2026-06-01T06:12:00+02:00,1.38107,1.38107,1.38101,1.38102,8
2026-06-01T06:13:00+02:00,1.38103,1.38103,1.38102,1.38102,2
2026-06-01T06:14:00+02:00,1.38102,1.38102,1.38101,1.38101,6
2026-06-01T06:15:00+02:00,1.38101,1.38102,1.38101,1.38101,3
2026-06-01T06:16:00+02:00,1.38101,1.38102,1.38101,1.38101,3
2026-06-01T06:17:00+02:00,1.38101,1.38102,1.38091,1.38091,15
2026-06-01T06:18:00+02:00,1.38091,1.38091,1.38086,1.38087,7
2026-06-01T06:19:00+02:00,1.3808799999999999,1.38089,1.38086,1.38087,5
2026-06-01T06:20:00+02:00,1.38087,1.38096,1.38086,1.38096,12
2026-06-01T06:21:00+02:00,1.38096,1.38096,1.38093,1.38093,6
2026-06-01T06:22:00+02:00,1.38093,1.38093,1.38093,1.38093,1
2026-06-01T06:23:00+02:00,1.38093,1.38093,1.38093,1.38093,1
2026-06-01T06:24:00+02:00,1.38093,1.38094,1.38091,1.38092,6
2026-06-01T06:25:00+02:00,1.38092,1.38093,1.38091,1.38093,4
2026-06-01T06:26:00+02:00,1.38093,1.38093,1.38092,1.38093,3
2026-06-01T06:27:00+02:00,1.38093,1.38094,1.38093,1.38094,2
2026-06-01T06:28:00+02:00,1.38094,1.38097,1.38092,1.38094,8
2026-06-01T06:29:00+02:00,1.38094,1.38094,1.38086,1.38086,7
2026-06-01T06:30:00+02:00,1.38086,1.38087,1.3808500000000001,1.38086,7
2026-06-01T06:31:00+02:00,1.38086,1.38087,1.38086,1.38086,3
2026-06-01T06:32:00+02:00,1.38086,1.38089,1.38086,1.38086,8
2026-06-01T06:33:00+02:00,1.38086,1.38087,1.38086,1.38086,5
2026-06-01T06:34:00+02:00,1.38087,1.38091,1.38086,1.38091,9
2026-06-01T06:35:00+02:00,1.38091,1.38092,1.3809,1.3809,7
2026-06-01T06:36:00+02:00,1.3809,1.38091,1.3809,1.38091,4
2026-06-01T06:37:00+02:00,1.38091,1.38091,1.38086,1.38086,10
2026-06-01T06:38:00+02:00,1.38086,1.3809,1.38086,1.3809,7
2026-06-01T06:39:00+02:00,1.3809,1.3809,1.3808099999999999,1.3808099999999999,9
2026-06-01T06:40:00+02:00,1.3808099999999999,1.38083,1.3808099999999999,1.3808099999999999,5
2026-06-01T06:41:00+02:00,1.38082,1.38083,1.3808099999999999,1.38083,6
2026-06-01T06:42:00+02:00,1.38084,1.38084,1.3808099999999999,1.38084,11
2026-06-01T06:43:00+02:00,1.38084,1.38084,1.3808099999999999,1.38084,12
2026-06-01T06:44:00+02:00,1.38084,1.38084,1.3808099999999999,1.38084,6
2026-06-01T06:45:00+02:00,1.38084,1.3808500000000001,1.38083,1.38083,4
2026-06-01T06:46:00+02:00,1.38083,1.3808500000000001,1.38083,1.38083,4
2026-06-01T06:47:00+02:00,1.38084,1.3808500000000001,1.38084,1.38084,3
2026-06-01T06:48:00+02:00,1.38084,1.3809,1.38084,1.3809,9
2026-06-01T06:49:00+02:00,1.38091,1.38091,1.3809,1.3809,6
2026-06-01T06:50:00+02:00,1.38091,1.38091,1.38087,1.38091,13
2026-06-01T06:51:00+02:00,1.38092,1.38095,1.38091,1.38091,9
2026-06-01T06:52:00+02:00,1.38091,1.38091,1.38091,1.38091,1
2026-06-01T06:53:00+02:00,1.38091,1.38091,1.3809,1.3809,4
2026-06-01T06:54:00+02:00,1.3809,1.3809,1.3809,1.3809,1
2026-06-01T06:55:00+02:00,1.3809,1.38094,1.3809,1.38092,7
2026-06-01T06:56:00+02:00,1.38092,1.38092,1.3809,1.38091,4
2026-06-01T06:57:00+02:00,1.38091,1.381,1.3808799999999999,1.3808799999999999,15
2026-06-01T06:58:00+02:00,1.38087,1.38089,1.3808,1.3808,12
2026-06-01T06:59:00+02:00,1.3808,1.3808,1.38077,1.3807800000000001,4
2026-06-01T07:00:00+02:00,1.38077,1.38083,1.38077,1.38082,17
2026-06-01T07:01:00+02:00,1.38082,1.38086,1.38072,1.38072,13
2026-06-01T07:02:00+02:00,1.38072,1.38072,1.3806,1.3806,28
2026-06-01T07:03:00+02:00,1.3806,1.38064,1.3806,1.38062,11
2026-06-01T07:04:00+02:00,1.38062,1.38071,1.3806,1.38071,17
2026-06-01T07:05:00+02:00,1.38071,1.38072,1.38071,1.38072,6
2026-06-01T07:06:00+02:00,1.38072,1.38074,1.38067,1.38074,14
2026-06-01T07:07:00+02:00,1.38074,1.38074,1.38071,1.38072,5
2026-06-01T07:08:00+02:00,1.38072,1.38073,1.38071,1.38071,11
2026-06-01T07:09:00+02:00,1.38071,1.38071,1.38066,1.38066,9
2026-06-01T07:10:00+02:00,1.38066,1.38074,1.38066,1.38073,9
2026-06-01T07:11:00+02:00,1.38071,1.38072,1.38066,1.38066,14
2026-06-01T07:12:00+02:00,1.38066,1.38067,1.38059,1.3806,12
2026-06-01T07:13:00+02:00,1.3806,1.38063,1.3806,1.38061,14
2026-06-01T07:14:00+02:00,1.38061,1.38062,1.38059,1.3806,6
2026-06-01T07:15:00+02:00,1.3806,1.38068,1.3806,1.38067,16
2026-06-01T07:16:00+02:00,1.38067,1.38075,1.38067,1.38075,15
2026-06-01T07:17:00+02:00,1.38075,1.38075,1.38071,1.38071,5
2026-06-01T07:18:00+02:00,1.38071,1.38073,1.38071,1.38072,8
2026-06-01T07:19:00+02:00,1.38072,1.38073,1.38071,1.38072,7
2026-06-01T07:20:00+02:00,1.38072,1.38072,1.38069,1.38071,7
2026-06-01T07:21:00+02:00,1.38071,1.38075,1.38071,1.38072,7
2026-06-01T07:22:00+02:00,1.38072,1.38072,1.38066,1.3807,14
2026-06-01T07:23:00+02:00,1.3807,1.38071,1.38064,1.38065,8
2026-06-01T07:24:00+02:00,1.38065,1.38065,1.38064,1.38065,7
2026-06-01T07:25:00+02:00,1.38065,1.38072,1.38065,1.38071,11
2026-06-01T07:26:00+02:00,1.38071,1.38074,1.38071,1.38074,8
2026-06-01T07:27:00+02:00,1.38074,1.38075,1.38074,1.38074,5
2026-06-01T07:28:00+02:00,1.38075,1.3808,1.38075,1.3808,16
2026-06-01T07:29:00+02:00,1.3808,1.38082,1.3808,1.38082,5
2026-06-01T07:30:00+02:00,1.38082,1.38082,1.38073,1.38073,18
2026-06-01T07:31:00+02:00,1.38074,1.38082,1.38073,1.38082,13
2026-06-01T07:32:00+02:00,1.38082,1.38082,1.3807800000000001,1.3808,12
2026-06-01T07:33:00+02:00,1.3808,1.38083,1.3808,1.38083,9
2026-06-01T07:34:00+02:00,1.38083,1.3808500000000001,1.38082,1.38083,9
2026-06-01T07:35:00+02:00,1.38083,1.38083,1.3808099999999999,1.38082,4
2026-06-01T07:36:00+02:00,1.38082,1.38084,1.38082,1.38083,4
2026-06-01T07:37:00+02:00,1.38083,1.38087,1.38082,1.38086,11
2026-06-01T07:38:00+02:00,1.38086,1.3808799999999999,1.38083,1.38083,8
2026-06-01T07:39:00+02:00,1.38083,1.38084,1.3808099999999999,1.38084,10
2026-06-01T07:40:00+02:00,1.38083,1.38084,1.38083,1.38084,2
2026-06-01T07:41:00+02:00,1.38084,1.3808799999999999,1.38084,1.38086,12
2026-06-01T07:42:00+02:00,1.38086,1.38087,1.38083,1.38083,11
2026-06-01T07:43:00+02:00,1.38083,1.3808500000000001,1.38082,1.38082,6
2026-06-01T07:44:00+02:00,1.38082,1.38082,1.3808,1.3808,7
2026-06-01T07:45:00+02:00,1.3808,1.38087,1.3808,1.3808,11
2026-06-01T07:46:00+02:00,1.3808099999999999,1.38082,1.3807800000000001,1.3808099999999999,6
2026-06-01T07:47:00+02:00,1.3808099999999999,1.3808099999999999,1.38075,1.38075,8
2026-06-01T07:48:00+02:00,1.38075,1.3808,1.38074,1.38079,9
2026-06-01T07:49:00+02:00,1.3807800000000001,1.38079,1.38077,1.38079,10
2026-06-01T07:50:00+02:00,1.3807800000000001,1.3808099999999999,1.3807800000000001,1.3807800000000001,10
2026-06-01T07:51:00+02:00,1.3807800000000001,1.3807800000000001,1.38071,1.38072,10
2026-06-01T07:52:00+02:00,1.38072,1.38073,1.38072,1.38073,8
2026-06-01T07:53:00+02:00,1.38073,1.38082,1.38073,1.3808099999999999,11
2026-06-01T07:54:00+02:00,1.3807800000000001,1.3808099999999999,1.38076,1.3807800000000001,11
2026-06-01T07:55:00+02:00,1.3807800000000001,1.38083,1.38076,1.38083,11
2026-06-01T07:56:00+02:00,1.38082,1.38082,1.38074,1.3808,15
2026-06-01T07:57:00+02:00,1.3808,1.38084,1.3808,1.38082,12
2026-06-01T07:58:00+02:00,1.3808099999999999,1.38084,1.3808099999999999,1.38084,5
2026-06-01T07:59:00+02:00,1.38084,1.3808500000000001,1.3808,1.3808500000000001,7
2026-06-01T08:00:00+02:00,1.38083,1.38083,1.38059,1.38059,20
2026-06-01T08:01:00+02:00,1.38059,1.38064,1.38055,1.38055,20
2026-06-01T08:02:00+02:00,1.38055,1.38055,1.38045,1.3805100000000001,27
2026-06-01T08:03:00+02:00,1.3805,1.38055,1.38049,1.38055,19
2026-06-01T08:04:00+02:00,1.38055,1.38056,1.38048,1.3805100000000001,20
2026-06-01T08:05:00+02:00,1.3805100000000001,1.38053,1.3805,1.38053,10
2026-06-01T08:06:00+02:00,1.3805399999999999,1.38056,1.3804699999999999,1.3805100000000001,14
2026-06-01T08:07:00+02:00,1.3805100000000001,1.38055,1.3804699999999999,1.3805,17
2026-06-01T08:08:00+02:00,1.3805,1.3805,1.38043,1.3804400000000001,13
2026-06-01T08:09:00+02:00,1.3804400000000001,1.3804400000000001,1.38018,1.38019,45
2026-06-01T08:10:00+02:00,1.38019,1.38025,1.3801700000000001,1.38018,17
2026-06-01T08:11:00+02:00,1.38016,1.38035,1.38015,1.38035,34
2026-06-01T08:12:00+02:00,1.38035,1.38046,1.38035,1.38042,20
2026-06-01T08:13:00+02:00,1.38042,1.3804400000000001,1.38041,1.38041,10
2026-06-01T08:14:00+02:00,1.38042,1.38042,1.38033,1.38034,18
2026-06-01T08:15:00+02:00,1.38034,1.38036,1.38025,1.38028,19
2026-06-01T08:16:00+02:00,1.38029,1.3803,1.38025,1.38025,7
2026-06-01T08:17:00+02:00,1.38025,1.38026,1.3801700000000001,1.3801700000000001,8
2026-06-01T08:18:00+02:00,1.3801700000000001,1.38018,1.38013,1.38014,9
2026-06-01T08:19:00+02:00,1.38014,1.38016,1.38013,1.38014,7
2026-06-01T08:20:00+02:00,1.38015,1.38025,1.38015,1.3802400000000001,12
2026-06-01T08:21:00+02:00,1.3802400000000001,1.3802699999999999,1.3802400000000001,1.3802699999999999,11
2026-06-01T08:22:00+02:00,1.3802699999999999,1.38032,1.38023,1.3802400000000001,16
2026-06-01T08:23:00+02:00,1.3802400000000001,1.38031,1.3802400000000001,1.3802699999999999,14
2026-06-01T08:24:00+02:00,1.38029,1.38033,1.38029,1.38033,11
2026-06-01T08:25:00+02:00,1.38033,1.38038,1.38031,1.38035,17
2026-06-01T08:26:00+02:00,1.38035,1.38042,1.38033,1.38036,15
2026-06-01T08:27:00+02:00,1.38036,1.38042,1.38034,1.38042,18
2026-06-01T08:28:00+02:00,1.38043,1.38043,1.38041,1.38042,11
2026-06-01T08:29:00+02:00,1.38042,1.38042,1.38035,1.38039,18
2026-06-01T08:30:00+02:00,1.38037,1.38055,1.38037,1.38053,28
2026-06-01T08:31:00+02:00,1.3805399999999999,1.3805399999999999,1.38045,1.38045,15
2026-06-01T08:32:00+02:00,1.38045,1.3804699999999999,1.38042,1.38042,18
2026-06-01T08:33:00+02:00,1.38042,1.3804699999999999,1.38042,1.38046,11
2026-06-01T08:34:00+02:00,1.38046,1.38058,1.38045,1.3805399999999999,16
2026-06-01T08:35:00+02:00,1.3805399999999999,1.38064,1.38053,1.38064,17
2026-06-01T08:36:00+02:00,1.38064,1.38069,1.38063,1.38066,20
2026-06-01T08:37:00+02:00,1.38065,1.3807800000000001,1.38065,1.3807800000000001,23
2026-06-01T08:38:00+02:00,1.3807800000000001,1.3807800000000001,1.38065,1.38065,16
2026-06-01T08:39:00+02:00,1.38065,1.38069,1.38062,1.38064,19
2026-06-01T08:40:00+02:00,1.38064,1.38064,1.38062,1.38063,6
2026-06-01T08:41:00+02:00,1.38063,1.38066,1.38062,1.38066,10
2026-06-01T08:42:00+02:00,1.38068,1.38073,1.38068,1.38073,9
2026-06-01T08:43:00+02:00,1.38072,1.38076,1.38066,1.38066,13
2026-06-01T08:44:00+02:00,1.38066,1.38066,1.3806,1.3806,13
2026-06-01T08:45:00+02:00,1.38061,1.38066,1.38059,1.38059,17
2026-06-01T08:46:00+02:00,1.38059,1.38063,1.38055,1.38057,27
2026-06-01T08:47:00+02:00,1.38056,1.38063,1.3805399999999999,1.38057,28
2026-06-01T08:48:00+02:00,1.38056,1.38057,1.3805100000000001,1.3805399999999999,13
2026-06-01T08:49:00+02:00,1.3805399999999999,1.3805399999999999,1.38046,1.3805,16
2026-06-01T08:50:00+02:00,1.3805,1.3805,1.3804400000000001,1.38046,11
2026-06-01T08:51:00+02:00,1.38046,1.3805399999999999,1.38045,1.38048,21
2026-06-01T08:52:00+02:00,1.38049,1.3806,1.38048,1.38058,20
2026-06-01T08:53:00+02:00,1.38058,1.38058,1.38049,1.3805,17
2026-06-01T08:54:00+02:00,1.38052,1.38063,1.38049,1.3805100000000001,23
2026-06-01T08:55:00+02:00,1.3805100000000001,1.3805100000000001,1.38042,1.38043,18
2026-06-01T08:56:00+02:00,1.3804400000000001,1.38045,1.3804,1.38041,14
2026-06-01T08:57:00+02:00,1.38041,1.38042,1.38031,1.38031,17
2026-06-01T08:58:00+02:00,1.3803,1.38038,1.3803,1.38034,18
2026-06-01T08:59:00+02:00,1.38035,1.38037,1.38033,1.38036,10
2026-06-01T09:00:00+02:00,1.38038,1.3806,1.38038,1.3805,30
2026-06-01T09:01:00+02:00,1.3805,1.3805100000000001,1.38043,1.38048,19
2026-06-01T09:02:00+02:00,1.3804699999999999,1.38062,1.3804699999999999,1.38062,21
2026-06-01T09:03:00+02:00,1.38062,1.38063,1.3805399999999999,1.3805399999999999,27
2026-06-01T09:04:00+02:00,1.3805399999999999,1.38058,1.3805,1.38055,19
2026-06-01T09:05:00+02:00,1.38055,1.38068,1.38055,1.38066,25
2026-06-01T09:06:00+02:00,1.38067,1.38069,1.3804699999999999,1.3805,28
2026-06-01T09:07:00+02:00,1.38053,1.38053,1.38041,1.3804400000000001,18
2026-06-01T09:08:00+02:00,1.3804400000000001,1.3805,1.38041,1.3804699999999999,16
2026-06-01T09:09:00+02:00,1.3804699999999999,1.38052,1.3804400000000001,1.38052,24
2026-06-01T09:10:00+02:00,1.38053,1.38059,1.3805100000000001,1.38059,15
2026-06-01T09:11:00+02:00,1.3806,1.38063,1.38056,1.38058,19
2026-06-01T09:12:00+02:00,1.3806,1.3806,1.3805,1.3805100000000001,14
2026-06-01T09:13:00+02:00,1.3805100000000001,1.3805399999999999,1.3804400000000001,1.38052,17
2026-06-01T09:14:00+02:00,1.38053,1.38061,1.38053,1.38059,16
2026-06-01T09:15:00+02:00,1.3806,1.38065,1.38057,1.38063,16
2026-06-01T09:16:00+02:00,1.38063,1.38064,1.3805399999999999,1.3805399999999999,16
2026-06-01T09:17:00+02:00,1.3805399999999999,1.38055,1.38053,1.38053,11
2026-06-01T09:18:00+02:00,1.38053,1.38064,1.38053,1.38064,15
2026-06-01T09:19:00+02:00,1.38064,1.38068,1.38061,1.38061,14
2026-06-01T09:20:00+02:00,1.38062,1.38068,1.38061,1.38061,13
2026-06-01T09:21:00+02:00,1.38062,1.38064,1.38058,1.38063,10
2026-06-01T09:22:00+02:00,1.38063,1.38082,1.38063,1.3808099999999999,17
2026-06-01T09:23:00+02:00,1.3808099999999999,1.3809,1.3808099999999999,1.38087,30
2026-06-01T09:24:00+02:00,1.38089,1.38099,1.38089,1.38096,11
2026-06-01T09:25:00+02:00,1.38096,1.3811,1.38094,1.38106,31
2026-06-01T09:26:00+02:00,1.38106,1.3810799999999999,1.38101,1.38104,25
2026-06-01T09:27:00+02:00,1.38104,1.38104,1.38097,1.38102,12
2026-06-01T09:28:00+02:00,1.38102,1.38106,1.38099,1.38105,20
2026-06-01T09:29:00+02:00,1.38104,1.38111,1.38103,1.38103,18
2026-06-01T09:30:00+02:00,1.38103,1.38103,1.38099,1.38101,14
2026-06-01T09:31:00+02:00,1.38101,1.3811200000000001,1.38101,1.38111,24
2026-06-01T09:32:00+02:00,1.3811,1.38111,1.3810799999999999,1.3810799999999999,15
2026-06-01T09:33:00+02:00,1.3810799999999999,1.38117,1.38107,1.38117,16
2026-06-01T09:34:00+02:00,1.38118,1.38119,1.38118,1.38118,5
2026-06-01T09:35:00+02:00,1.38118,1.38131,1.38117,1.38131,14
2026-06-01T09:36:00+02:00,1.38132,1.3815,1.38132,1.3815,19
2026-06-01T09:37:00+02:00,1.3815,1.38151,1.3814600000000001,1.3814600000000001,14
2026-06-01T09:38:00+02:00,1.3814600000000001,1.38147,1.38144,1.38145,13
2026-06-01T09:39:00+02:00,1.38145,1.3814899999999999,1.3814,1.3814899999999999,10
2026-06-01T09:40:00+02:00,1.3814899999999999,1.3816,1.3814899999999999,1.3816,21
2026-06-01T09:41:00+02:00,1.3816,1.38167,1.38154,1.38167,20
2026-06-01T09:42:00+02:00,1.38166,1.38171,1.38161,1.38171,26
2026-06-01T09:43:00+02:00,1.38171,1.3817599999999999,1.3816899999999999,1.3816899999999999,17
2026-06-01T09:44:00+02:00,1.3817,1.38172,1.38167,1.38171,23
2026-06-01T09:45:00+02:00,1.38171,1.38181,1.38166,1.38181,19
2026-06-01T09:46:00+02:00,1.38181,1.38195,1.38181,1.38191,17
2026-06-01T09:47:00+02:00,1.38191,1.38191,1.38178,1.38179,19
2026-06-01T09:48:00+02:00,1.38179,1.38181,1.38158,1.38158,27
2026-06-01T09:49:00+02:00,1.38158,1.38161,1.38154,1.38156,16
2026-06-01T09:50:00+02:00,1.38156,1.38157,1.3814899999999999,1.38151,14
2026-06-01T09:51:00+02:00,1.38151,1.3816,1.3814899999999999,1.3814899999999999,19
2026-06-01T09:52:00+02:00,1.38151,1.38151,1.38134,1.38136,24
2026-06-01T09:53:00+02:00,1.38134,1.38134,1.38122,1.38124,20
2026-06-01T09:54:00+02:00,1.38124,1.38133,1.38123,1.38124,25
2026-06-01T09:55:00+02:00,1.38125,1.3814199999999999,1.38124,1.3814199999999999,24
2026-06-01T09:56:00+02:00,1.3814199999999999,1.3814199999999999,1.38137,1.38141,12
2026-06-01T09:57:00+02:00,1.38141,1.38141,1.38132,1.38132,11
2026-06-01T09:58:00+02:00,1.38133,1.38141,1.38125,1.3813900000000001,23
2026-06-01T09:59:00+02:00,1.3813900000000001,1.38141,1.38138,1.38138,10
2026-06-01T10:00:00+02:00,1.38136,1.3813900000000001,1.38129,1.3813900000000001,19
2026-06-01T10:01:00+02:00,1.3814,1.38141,1.38127,1.38127,24
2026-06-01T10:02:00+02:00,1.38126,1.38151,1.38125,1.38148,26
2026-06-01T10:03:00+02:00,1.38148,1.3815,1.3814,1.38145,22
2026-06-01T10:04:00+02:00,1.38145,1.38151,1.3814199999999999,1.3815,22
2026-06-01T10:05:00+02:00,1.38151,1.38155,1.3815,1.38155,16
2026-06-01T10:06:00+02:00,1.38156,1.38166,1.38155,1.38161,13
2026-06-01T10:07:00+02:00,1.3816,1.38161,1.38154,1.38161,23
2026-06-01T10:08:00+02:00,1.38161,1.38161,1.38153,1.38154,15
2026-06-01T10:09:00+02:00,1.38153,1.38158,1.3815,1.38156,11
2026-06-01T10:10:00+02:00,1.38156,1.38161,1.3814600000000001,1.38159,24
2026-06-01T10:11:00+02:00,1.38159,1.38162,1.38158,1.38161,16
2026-06-01T10:12:00+02:00,1.38159,1.3817,1.38157,1.38168,21
2026-06-01T10:13:00+02:00,1.38168,1.38177,1.38168,1.3817300000000001,28
2026-06-01T10:14:00+02:00,1.38171,1.38171,1.38162,1.38162,28
2026-06-01T10:15:00+02:00,1.38162,1.3817,1.38157,1.38157,26
2026-06-01T10:16:00+02:00,1.38156,1.38162,1.38155,1.38162,11
2026-06-01T10:17:00+02:00,1.38162,1.38162,1.38153,1.38157,20
2026-06-01T10:18:00+02:00,1.38157,1.38161,1.38155,1.38161,9
2026-06-01T10:19:00+02:00,1.38161,1.38164,1.38161,1.38163,6
2026-06-01T10:20:00+02:00,1.38165,1.3817300000000001,1.38163,1.38168,22
2026-06-01T10:21:00+02:00,1.38167,1.38175,1.38166,1.38172,18
2026-06-01T10:22:00+02:00,1.38172,1.38175,1.3817,1.38172,24
2026-06-01T10:23:00+02:00,1.38171,1.38179,1.38171,1.38177,18
2026-06-01T10:24:00+02:00,1.38178,1.38181,1.38178,1.38181,11
2026-06-01T10:25:00+02:00,1.38181,1.38182,1.38165,1.3816899999999999,22
2026-06-01T10:26:00+02:00,1.38168,1.38172,1.38167,1.38172,11
2026-06-01T10:27:00+02:00,1.38171,1.38171,1.38163,1.38168,12
2026-06-01T10:28:00+02:00,1.38168,1.38171,1.38166,1.38167,10
2026-06-01T10:29:00+02:00,1.38167,1.38172,1.38162,1.38163,15
2026-06-01T10:30:00+02:00,1.38162,1.38167,1.3816,1.38167,9
2026-06-01T10:31:00+02:00,1.38167,1.38167,1.38161,1.38162,9
2026-06-01T10:32:00+02:00,1.38161,1.38161,1.38147,1.38147,22
2026-06-01T10:33:00+02:00,1.38148,1.38154,1.38148,1.38152,13
2026-06-01T10:34:00+02:00,1.38152,1.38158,1.38152,1.38155,9
2026-06-01T10:35:00+02:00,1.38155,1.38158,1.38155,1.38158,10
2026-06-01T10:36:00+02:00,1.38158,1.38158,1.38141,1.3814199999999999,18
2026-06-01T10:37:00+02:00,1.3814199999999999,1.38147,1.3814199999999999,1.38147,10
2026-06-01T10:38:00+02:00,1.38147,1.38152,1.38145,1.3815,11
2026-06-01T10:39:00+02:00,1.38151,1.38153,1.3814199999999999,1.3814199999999999,13
2026-06-01T10:40:00+02:00,1.3814199999999999,1.38152,1.38141,1.38152,13
2026-06-01T10:41:00+02:00,1.38152,1.38159,1.3815,1.38159,19
2026-06-01T10:42:00+02:00,1.38159,1.38159,1.38154,1.38154,11
2026-06-01T10:43:00+02:00,1.38154,1.38156,1.3814199999999999,1.3814899999999999,20
2026-06-01T10:44:00+02:00,1.3814899999999999,1.3814899999999999,1.3814199999999999,1.3814600000000001,15
2026-06-01T10:45:00+02:00,1.38147,1.38155,1.38147,1.38155,7
2026-06-01T10:46:00+02:00,1.38156,1.38168,1.38156,1.38167,19
2026-06-01T10:47:00+02:00,1.38167,1.38172,1.38165,1.38171,13
2026-06-01T10:48:00+02:00,1.38171,1.3818,1.38171,1.3818,13
2026-06-01T10:49:00+02:00,1.38181,1.38181,1.3816899999999999,1.38171,12
2026-06-01T10:50:00+02:00,1.38171,1.38172,1.38167,1.38171,11
2026-06-01T10:51:00+02:00,1.38171,1.38172,1.38162,1.38164,16
2026-06-01T10:52:00+02:00,1.38165,1.38165,1.38147,1.38147,20
2026-06-01T10:53:00+02:00,1.38147,1.38151,1.3814600000000001,1.3814600000000001,19
2026-06-01T10:54:00+02:00,1.3814600000000001,1.38164,1.3814600000000001,1.38164,14
2026-06-01T10:55:00+02:00,1.38163,1.38172,1.38162,1.38171,9
2026-06-01T10:56:00+02:00,1.3816899999999999,1.38175,1.38165,1.38171,15
2026-06-01T10:57:00+02:00,1.38171,1.38172,1.38159,1.38161,20
2026-06-01T10:58:00+02:00,1.38161,1.38162,1.38153,1.38153,10
2026-06-01T10:59:00+02:00,1.38153,1.38153,1.38143,1.3814600000000001,13
2026-06-01T11:00:00+02:00,1.3814600000000001,1.3814600000000001,1.38122,1.38122,21
2026-06-01T11:01:00+02:00,1.3812,1.38121,1.3811499999999999,1.3811499999999999,13
2026-06-01T11:02:00+02:00,1.38114,1.38138,1.38114,1.38137,33
2026-06-01T11:03:00+02:00,1.38137,1.3814199999999999,1.38137,1.3814,19
2026-06-01T11:04:00+02:00,1.3814,1.38144,1.38138,1.3814199999999999,16
2026-06-01T11:05:00+02:00,1.3814199999999999,1.3815,1.3813900000000001,1.3815,18
2026-06-01T11:06:00+02:00,1.3815,1.38158,1.3815,1.38155,13
2026-06-01T11:07:00+02:00,1.38155,1.3817,1.38153,1.3817,25
2026-06-01T11:08:00+02:00,1.3817,1.38171,1.38167,1.38168,18
2026-06-01T11:09:00+02:00,1.38167,1.38177,1.38165,1.38177,14
2026-06-01T11:10:00+02:00,1.38177,1.38196,1.38177,1.3819,27
2026-06-01T11:11:00+02:00,1.3819,1.3819,1.38187,1.3819,12
2026-06-01T11:12:00+02:00,1.3819,1.38196,1.38188,1.38195,14
2026-06-01T11:13:00+02:00,1.38195,1.38195,1.38177,1.38179,30
2026-06-01T11:14:00+02:00,1.38179,1.38179,1.38175,1.38177,17
2026-06-01T11:15:00+02:00,1.38177,1.3818,1.38175,1.3817599999999999,26
2026-06-01T11:16:00+02:00,1.3817599999999999,1.38194,1.38175,1.3819,25
2026-06-01T11:17:00+02:00,1.3819,1.38191,1.38178,1.38181,26
2026-06-01T11:18:00+02:00,1.38182,1.38188,1.38178,1.38188,21
2026-06-01T11:19:00+02:00,1.38188,1.3819,1.38184,1.38188,11
2026-06-01T11:20:00+02:00,1.38189,1.38191,1.38187,1.38188,10
2026-06-01T11:21:00+02:00,1.38188,1.3819,1.38187,1.38189,11
2026-06-01T11:22:00+02:00,1.3819,1.38202,1.38189,1.38202,18
2026-06-01T11:23:00+02:00,1.38201,1.3820700000000001,1.38196,1.38197,19
2026-06-01T11:24:00+02:00,1.38197,1.38201,1.38196,1.38199,15
2026-06-01T11:25:00+02:00,1.38199,1.38204,1.38198,1.38201,16
2026-06-01T11:26:00+02:00,1.38201,1.38217,1.3820000000000001,1.38217,18
2026-06-01T11:27:00+02:00,1.38218,1.38218,1.38216,1.38218,8
2026-06-01T11:28:00+02:00,1.38218,1.3822,1.38217,1.38218,13
2026-06-01T11:29:00+02:00,1.3822,1.38221,1.3820000000000001,1.3820000000000001,23
2026-06-01T11:30:00+02:00,1.3820000000000001,1.3820700000000001,1.38192,1.38192,20
2026-06-01T11:31:00+02:00,1.38192,1.38197,1.38187,1.38196,20
2026-06-01T11:32:00+02:00,1.38196,1.38197,1.3819,1.38195,22
2026-06-01T11:33:00+02:00,1.38194,1.38206,1.38194,1.38206,10
2026-06-01T11:34:00+02:00,1.38206,1.38215,1.38204,1.38206,16
2026-06-01T11:35:00+02:00,1.38206,1.38209,1.38206,1.38209,19
2026-06-01T11:36:00+02:00,1.38209,1.3820999999999999,1.3820299999999999,1.3820999999999999,19
2026-06-01T11:37:00+02:00,1.3820999999999999,1.3820999999999999,1.38201,1.38206,19
2026-06-01T11:38:00+02:00,1.38206,1.38209,1.3820299999999999,1.38208,14
2026-06-01T11:39:00+02:00,1.38208,1.3820999999999999,1.3820299999999999,1.3820700000000001,15
2026-06-01T11:40:00+02:00,1.3820700000000001,1.38208,1.38206,1.38208,10
2026-06-01T11:41:00+02:00,1.38208,1.3820999999999999,1.38198,1.38198,18
2026-06-01T11:42:00+02:00,1.38198,1.38199,1.38194,1.38195,13
2026-06-01T11:43:00+02:00,1.38195,1.38199,1.38189,1.38197,20
2026-06-01T11:44:00+02:00,1.38197,1.38211,1.38197,1.38211,26
2026-06-01T11:45:00+02:00,1.38209,1.3822,1.3820700000000001,1.38216,21
2026-06-01T11:46:00+02:00,1.38216,1.38216,1.38206,1.38206,13
2026-06-01T11:47:00+02:00,1.38206,1.38209,1.38196,1.38198,21
2026-06-01T11:48:00+02:00,1.38196,1.38198,1.38191,1.38198,10
2026-06-01T11:49:00+02:00,1.38198,1.38208,1.38198,1.3820700000000001,11
2026-06-01T11:50:00+02:00,1.3820700000000001,1.3820700000000001,1.3820000000000001,1.3820000000000001,9
2026-06-01T11:51:00+02:00,1.3820000000000001,1.38216,1.38199,1.38216,24
2026-06-01T11:52:00+02:00,1.38216,1.38216,1.38202,1.3820299999999999,25
2026-06-01T11:53:00+02:00,1.3820299999999999,1.38205,1.3820000000000001,1.3820299999999999,15
2026-06-01T11:54:00+02:00,1.3820299999999999,1.38205,1.3820000000000001,1.3820000000000001,13
2026-06-01T11:55:00+02:00,1.3820000000000001,1.38206,1.3820000000000001,1.38205,16
2026-06-01T11:56:00+02:00,1.38205,1.38209,1.3820000000000001,1.38201,19
2026-06-01T11:57:00+02:00,1.38201,1.38205,1.3819,1.38197,26
2026-06-01T11:58:00+02:00,1.38197,1.38205,1.38197,1.38199,17
2026-06-01T11:59:00+02:00,1.38199,1.3820000000000001,1.38181,1.38182,22
2026-06-01T12:00:00+02:00,1.3818,1.38181,1.3817599999999999,1.38177,24
2026-06-01T12:01:00+02:00,1.38177,1.38191,1.38177,1.38191,20
2026-06-01T12:02:00+02:00,1.38191,1.38191,1.38188,1.38188,15
2026-06-01T12:03:00+02:00,1.38188,1.38188,1.38178,1.38179,16
2026-06-01T12:04:00+02:00,1.38179,1.38182,1.38178,1.38178,10
2026-06-01T12:05:00+02:00,1.38178,1.3818,1.38177,1.38177,14
2026-06-01T12:06:00+02:00,1.38177,1.38177,1.3817,1.38177,12
2026-06-01T12:07:00+02:00,1.38177,1.3818,1.3817,1.3817599999999999,19
2026-06-01T12:08:00+02:00,1.3817599999999999,1.3818,1.3817599999999999,1.38177,11
2026-06-01T12:09:00+02:00,1.38177,1.38179,1.38177,1.38178,4
2026-06-01T12:10:00+02:00,1.38178,1.38181,1.38167,1.38167,18
2026-06-01T12:11:00+02:00,1.38167,1.38171,1.38167,1.3816899999999999,14
2026-06-01T12:12:00+02:00,1.3816899999999999,1.3816899999999999,1.38168,1.38168,2
2026-06-01T12:13:00+02:00,1.38168,1.38179,1.38168,1.38179,20
2026-06-01T12:14:00+02:00,1.38179,1.38182,1.38179,1.38181,13
2026-06-01T12:15:00+02:00,1.38181,1.38191,1.38181,1.38191,12
2026-06-01T12:16:00+02:00,1.38192,1.38198,1.38189,1.38196,12
2026-06-01T12:17:00+02:00,1.38196,1.3820299999999999,1.38196,1.38202,10
2026-06-01T12:18:00+02:00,1.3820299999999999,1.3822,1.3820299999999999,1.38218,23
2026-06-01T12:19:00+02:00,1.38218,1.3822,1.38213,1.3822,23
2026-06-01T12:20:00+02:00,1.3822,1.38222,1.38216,1.38222,22
2026-06-01T12:21:00+02:00,1.38222,1.38224,1.38216,1.38221,12
2026-06-01T12:22:00+02:00,1.38221,1.38222,1.38214,1.38222,18
2026-06-01T12:23:00+02:00,1.38222,1.38223,1.38216,1.38216,14
2026-06-01T12:24:00+02:00,1.38216,1.38217,1.38196,1.38196,23
2026-06-01T12:25:00+02:00,1.38196,1.38198,1.38189,1.38195,20
2026-06-01T12:26:00+02:00,1.38195,1.38195,1.38185,1.38187,14
2026-06-01T12:27:00+02:00,1.38186,1.3820000000000001,1.38186,1.38191,17
2026-06-01T12:28:00+02:00,1.38191,1.38191,1.38189,1.38189,8
2026-06-01T12:29:00+02:00,1.38189,1.38196,1.38187,1.38196,14
2026-06-01T12:30:00+02:00,1.38196,1.38201,1.38191,1.38199,15
2026-06-01T12:31:00+02:00,1.38199,1.38208,1.38198,1.38206,18
2026-06-01T12:32:00+02:00,1.38206,1.3820700000000001,1.38198,1.38198,20
2026-06-01T12:33:00+02:00,1.38198,1.38208,1.38198,1.38208,11
2026-06-01T12:34:00+02:00,1.38208,1.38208,1.3820299999999999,1.38206,9
2026-06-01T12:35:00+02:00,1.38206,1.38218,1.38206,1.38218,16
2026-06-01T12:36:00+02:00,1.38218,1.3822,1.3820700000000001,1.38209,20
2026-06-01T12:37:00+02:00,1.38209,1.38209,1.3820000000000001,1.38201,8
2026-06-01T12:38:00+02:00,1.38201,1.38204,1.3820000000000001,1.38201,12
2026-06-01T12:39:00+02:00,1.3820000000000001,1.38205,1.38199,1.3820299999999999,17
2026-06-01T12:40:00+02:00,1.38204,1.38205,1.38196,1.38201,14
2026-06-01T12:41:00+02:00,1.38201,1.38217,1.38201,1.38217,12
2026-06-01T12:42:00+02:00,1.38217,1.38219,1.38214,1.38215,11
2026-06-01T12:43:00+02:00,1.38215,1.38216,1.3820700000000001,1.3820700000000001,20
2026-06-01T12:44:00+02:00,1.3820700000000001,1.38211,1.38206,1.3820999999999999,11
2026-06-01T12:45:00+02:00,1.38209,1.38211,1.38206,1.38211,7
2026-06-01T12:46:00+02:00,1.38212,1.38219,1.38212,1.38217,18
2026-06-01T12:47:00+02:00,1.38216,1.38217,1.38211,1.38212,9
2026-06-01T12:48:00+02:00,1.38212,1.38221,1.38212,1.3822,7
2026-06-01T12:49:00+02:00,1.3822,1.38222,1.38217,1.38221,14
2026-06-01T12:50:00+02:00,1.38222,1.38226,1.38222,1.38226,18
2026-06-01T12:51:00+02:00,1.38226,1.38231,1.38226,1.38226,11
2026-06-01T12:52:00+02:00,1.38226,1.38232,1.38225,1.38231,13
2026-06-01T12:53:00+02:00,1.38231,1.38236,1.38229,1.38231,20
2026-06-01T12:54:00+02:00,1.38231,1.38233,1.38231,1.38232,5
2026-06-01T12:55:00+02:00,1.38232,1.38232,1.38227,1.38227,8
2026-06-01T12:56:00+02:00,1.38227,1.3824100000000001,1.38227,1.3824,11
2026-06-01T12:57:00+02:00,1.3824,1.38246,1.3823699999999999,1.3823699999999999,14
2026-06-01T12:58:00+02:00,1.38236,1.3824,1.38235,1.3824,11
2026-06-01T12:59:00+02:00,1.38239,1.38239,1.3823400000000001,1.3823400000000001,10
2026-06-01T13:00:00+02:00,1.3823400000000001,1.38246,1.3823400000000001,1.38246,19
2026-06-01T13:01:00+02:00,1.38248,1.38258,1.38248,1.38257,11
2026-06-01T13:02:00+02:00,1.38257,1.38273,1.38256,1.3826800000000001,24
2026-06-01T13:03:00+02:00,1.3826800000000001,1.38282,1.38267,1.38277,21
2026-06-01T13:04:00+02:00,1.38277,1.38277,1.38273,1.38276,17
2026-06-01T13:05:00+02:00,1.38276,1.38285,1.38274,1.38284,24
2026-06-01T13:06:00+02:00,1.38284,1.38299,1.38284,1.38292,19
2026-06-01T13:07:00+02:00,1.38292,1.38292,1.38282,1.38284,20
2026-06-01T13:08:00+02:00,1.38285,1.3829,1.38285,1.38286,15
2026-06-01T13:09:00+02:00,1.38286,1.38288,1.38272,1.38272,18
2026-06-01T13:10:00+02:00,1.38272,1.3829,1.38272,1.38289,16
2026-06-01T13:11:00+02:00,1.38289,1.38293,1.38284,1.3829099999999999,16
2026-06-01T13:12:00+02:00,1.3829099999999999,1.3829099999999999,1.38272,1.38272,18
2026-06-01T13:13:00+02:00,1.3827099999999999,1.3827099999999999,1.38266,1.38269,9
2026-06-01T13:14:00+02:00,1.38269,1.38273,1.3826,1.38273,17
2026-06-01T13:15:00+02:00,1.38273,1.38277,1.38258,1.38258,19
2026-06-01T13:16:00+02:00,1.38256,1.3826399999999999,1.38255,1.3826,14
2026-06-01T13:17:00+02:00,1.3826,1.3826800000000001,1.3826,1.38267,11
2026-06-01T13:18:00+02:00,1.38267,1.38267,1.38258,1.3826399999999999,18
2026-06-01T13:19:00+02:00,1.3826399999999999,1.3826399999999999,1.38254,1.38254,17
2026-06-01T13:20:00+02:00,1.38254,1.38254,1.38246,1.38251,22
2026-06-01T13:21:00+02:00,1.38251,1.38267,1.38251,1.38267,10
2026-06-01T13:22:00+02:00,1.38267,1.38276,1.38263,1.38276,16
2026-06-01T13:23:00+02:00,1.38276,1.38281,1.38275,1.38275,14
2026-06-01T13:24:00+02:00,1.38275,1.38276,1.38275,1.38276,6
2026-06-01T13:25:00+02:00,1.38276,1.38276,1.38255,1.3826100000000001,22
2026-06-01T13:26:00+02:00,1.3826100000000001,1.38272,1.3826100000000001,1.3826100000000001,15
2026-06-01T13:27:00+02:00,1.38262,1.38262,1.38247,1.3825,11
2026-06-01T13:28:00+02:00,1.3825,1.3826,1.38248,1.38256,21
2026-06-01T13:29:00+02:00,1.38256,1.38257,1.38254,1.38256,5
2026-06-01T13:30:00+02:00,1.38256,1.38266,1.38256,1.38266,16
2026-06-01T13:31:00+02:00,1.38266,1.38293,1.38265,1.38293,23
2026-06-01T13:32:00+02:00,1.38293,1.3829799999999999,1.38288,1.38296,21
2026-06-01T13:33:00+02:00,1.38296,1.3830200000000001,1.38296,1.3830200000000001,11
2026-06-01T13:34:00+02:00,1.3830200000000001,1.3830200000000001,1.38297,1.383,18
2026-06-01T13:35:00+02:00,1.383,1.38301,1.38292,1.38294,14
2026-06-01T13:36:00+02:00,1.38293,1.3830200000000001,1.38286,1.3829099999999999,25
2026-06-01T13:37:00+02:00,1.3829,1.38294,1.38286,1.38287,15
2026-06-01T13:38:00+02:00,1.38289,1.3829099999999999,1.38286,1.38286,8
2026-06-01T13:39:00+02:00,1.38286,1.3830200000000001,1.38281,1.383,24
2026-06-01T13:40:00+02:00,1.383,1.38338,1.383,1.38338,43
2026-06-01T13:41:00+02:00,1.38338,1.38347,1.3832900000000001,1.38331,31
2026-06-01T13:42:00+02:00,1.38331,1.38331,1.38307,1.38308,30
2026-06-01T13:43:00+02:00,1.38308,1.38328,1.38303,1.38326,32
2026-06-01T13:44:00+02:00,1.38326,1.3833,1.38326,1.3833,10
2026-06-01T13:45:00+02:00,1.38331,1.38337,1.38324,1.3832499999999999,23
2026-06-01T13:46:00+02:00,1.38327,1.38327,1.38309,1.38313,26
2026-06-01T13:47:00+02:00,1.38315,1.38315,1.38312,1.38312,9
2026-06-01T13:48:00+02:00,1.38312,1.38313,1.38301,1.38308,17
2026-06-01T13:49:00+02:00,1.3831,1.38316,1.38309,1.38313,15
2026-06-01T13:50:00+02:00,1.38313,1.38324,1.38312,1.3832200000000001,16
2026-06-01T13:51:00+02:00,1.3832200000000001,1.38323,1.38318,1.3832,10
2026-06-01T13:52:00+02:00,1.3832,1.3832499999999999,1.38318,1.3832499999999999,11
2026-06-01T13:53:00+02:00,1.38327,1.3833,1.3832200000000001,1.3832200000000001,11
2026-06-01T13:54:00+02:00,1.3832200000000001,1.38324,1.38321,1.38321,7
2026-06-01T13:55:00+02:00,1.3832200000000001,1.3832200000000001,1.38311,1.38313,18
2026-06-01T13:56:00+02:00,1.38312,1.38313,1.38306,1.38306,10
2026-06-01T13:57:00+02:00,1.38306,1.38306,1.38293,1.38297,25
2026-06-01T13:58:00+02:00,1.3829500000000001,1.3830200000000001,1.3829500000000001,1.3829799999999999,16
2026-06-01T13:59:00+02:00,1.3829799999999999,1.38306,1.3829799999999999,1.38303,14
2026-06-01T14:00:00+02:00,1.38301,1.38301,1.38284,1.38287,27
2026-06-01T14:01:00+02:00,1.38286,1.38307,1.38285,1.38307,26
2026-06-01T14:02:00+02:00,1.38308,1.38317,1.38304,1.38314,18
2026-06-01T14:03:00+02:00,1.38314,1.38314,1.38296,1.3829799999999999,27
2026-06-01T14:04:00+02:00,1.3829799999999999,1.38303,1.38297,1.383,19
2026-06-01T14:05:00+02:00,1.383,1.383,1.38274,1.38274,30
2026-06-01T14:06:00+02:00,1.38274,1.38274,1.3826800000000001,1.3826800000000001,25
2026-06-01T14:07:00+02:00,1.3826800000000001,1.3827099999999999,1.38259,1.38262,25
2026-06-01T14:08:00+02:00,1.38262,1.38279,1.38262,1.38278,18
2026-06-01T14:09:00+02:00,1.3828,1.38285,1.38273,1.38284,29
2026-06-01T14:10:00+02:00,1.38284,1.38284,1.3828,1.38283,14
2026-06-01T14:11:00+02:00,1.38283,1.38289,1.38274,1.38289,19
2026-06-01T14:12:00+02:00,1.38288,1.38289,1.38281,1.38287,20
2026-06-01T14:13:00+02:00,1.38288,1.38294,1.38288,1.38293,13
2026-06-01T14:14:00+02:00,1.38293,1.38301,1.38292,1.38297,29
2026-06-01T14:15:00+02:00,1.3829500000000001,1.38303,1.38293,1.38303,23
2026-06-01T14:16:00+02:00,1.38303,1.38303,1.38284,1.38289,20
2026-06-01T14:17:00+02:00,1.38289,1.3829,1.38277,1.38278,20
2026-06-01T14:18:00+02:00,1.38279,1.38293,1.38279,1.38286,25
2026-06-01T14:19:00+02:00,1.38285,1.3830200000000001,1.3828,1.38299,35
2026-06-01T14:20:00+02:00,1.38301,1.38313,1.38301,1.38303,29
2026-06-01T14:21:00+02:00,1.38303,1.38312,1.383,1.38312,22
2026-06-01T14:22:00+02:00,1.38312,1.38326,1.38312,1.38326,17
2026-06-01T14:23:00+02:00,1.38326,1.3833199999999999,1.38323,1.3833199999999999,15
2026-06-01T14:24:00+02:00,1.38331,1.38331,1.38321,1.38331,21
2026-06-01T14:25:00+02:00,1.38331,1.38351,1.38331,1.38348,26
2026-06-01T14:26:00+02:00,1.38348,1.38348,1.38336,1.38339,21
2026-06-01T14:27:00+02:00,1.38338,1.38349,1.38338,1.38349,15
2026-06-01T14:28:00+02:00,1.38349,1.38367,1.38349,1.38367,23
2026-06-01T14:29:00+02:00,1.38367,1.38367,1.38357,1.3836,23
2026-06-01T14:30:00+02:00,1.3836,1.38369,1.38355,1.3836,22
2026-06-01T14:31:00+02:00,1.3836,1.38376,1.38358,1.38376,25
2026-06-01T14:32:00+02:00,1.38377,1.38377,1.3835600000000001,1.38364,27
2026-06-01T14:33:00+02:00,1.38362,1.38362,1.38348,1.3835,29
2026-06-01T14:34:00+02:00,1.38347,1.38353,1.38343,1.38349,19
2026-06-01T14:35:00+02:00,1.38347,1.38357,1.38339,1.38339,24
2026-06-01T14:36:00+02:00,1.38338,1.38338,1.38312,1.38316,29
2026-06-01T14:37:00+02:00,1.38317,1.3833,1.38317,1.38327,37
2026-06-01T14:38:00+02:00,1.38327,1.38327,1.38308,1.38314,25
2026-06-01T14:39:00+02:00,1.38315,1.38336,1.38308,1.38321,45
2026-06-01T14:40:00+02:00,1.3832,1.3832,1.38288,1.38314,47
2026-06-01T14:41:00+02:00,1.38316,1.38336,1.38312,1.3832900000000001,41
2026-06-01T14:42:00+02:00,1.38331,1.38352,1.3833,1.38347,41
2026-06-01T14:43:00+02:00,1.38348,1.38352,1.38343,1.38347,26
2026-06-01T14:44:00+02:00,1.38347,1.38347,1.383,1.38304,65
2026-06-01T14:45:00+02:00,1.38306,1.38311,1.38292,1.3829500000000001,60
2026-06-01T14:46:00+02:00,1.3829500000000001,1.38306,1.3829099999999999,1.38294,38
2026-06-01T14:47:00+02:00,1.38294,1.383,1.38292,1.38299,30
2026-06-01T14:48:00+02:00,1.38299,1.3830200000000001,1.38285,1.38289,24
2026-06-01T14:49:00+02:00,1.38289,1.3829500000000001,1.38269,1.38269,40
2026-06-01T14:50:00+02:00,1.38267,1.3828,1.38263,1.38275,36
2026-06-01T14:51:00+02:00,1.38277,1.3828,1.38262,1.38266,31
2026-06-01T14:52:00+02:00,1.3826399999999999,1.38266,1.38246,1.38251,36
2026-06-01T14:53:00+02:00,1.38251,1.38259,1.38244,1.38253,43
2026-06-01T14:54:00+02:00,1.38253,1.38259,1.3825,1.3825,20
2026-06-01T14:55:00+02:00,1.3825,1.3825,1.38236,1.3823699999999999,27
2026-06-01T14:56:00+02:00,1.38236,1.38248,1.38236,1.38244,36
2026-06-01T14:57:00+02:00,1.38244,1.38254,1.38243,1.38247,36
2026-06-01T14:58:00+02:00,1.38247,1.38257,1.38246,1.38256,19
2026-06-01T14:59:00+02:00,1.38257,1.38257,1.3825,1.38253,23
2026-06-01T15:00:00+02:00,1.38254,1.38276,1.38254,1.3826800000000001,35
2026-06-01T15:01:00+02:00,1.3826800000000001,1.38278,1.3826100000000001,1.3827,28
2026-06-01T15:02:00+02:00,1.3827,1.3829500000000001,1.3827,1.38293,35
2026-06-01T15:03:00+02:00,1.38293,1.38294,1.3828,1.38285,37
2026-06-01T15:04:00+02:00,1.38284,1.38296,1.38284,1.3829,25
2026-06-01T15:05:00+02:00,1.3829,1.3830200000000001,1.3829,1.38299,25
2026-06-01T15:06:00+02:00,1.38299,1.38342,1.38299,1.3834,43
2026-06-01T15:07:00+02:00,1.3834,1.38346,1.3832900000000001,1.38342,32
2026-06-01T15:08:00+02:00,1.38342,1.38342,1.38318,1.3832200000000001,40
2026-06-01T15:09:00+02:00,1.3832200000000001,1.38366,1.3832200000000001,1.38366,41
2026-06-01T15:10:00+02:00,1.38368,1.38371,1.3835899999999999,1.38368,39
2026-06-01T15:11:00+02:00,1.38366,1.38391,1.38358,1.3838599999999999,83
2026-06-01T15:12:00+02:00,1.38384,1.38438,1.38366,1.38428,92
2026-06-01T15:13:00+02:00,1.3843,1.38434,1.38377,1.38401,90
2026-06-01T15:14:00+02:00,1.38403,1.38412,1.38379,1.38379,78
2026-06-01T15:15:00+02:00,1.38381,1.38387,1.3835899999999999,1.38368,59
2026-06-01T15:16:00+02:00,1.38365,1.38374,1.3835600000000001,1.38368,49
2026-06-01T15:17:00+02:00,1.38367,1.38375,1.38348,1.38374,52
2026-06-01T15:18:00+02:00,1.38376,1.38379,1.38366,1.38366,34
2026-06-01T15:19:00+02:00,1.38366,1.38382,1.3836,1.38376,41
2026-06-01T15:20:00+02:00,1.38376,1.3839299999999999,1.38369,1.38389,49
2026-06-01T15:21:00+02:00,1.38389,1.38411,1.38376,1.38402,62
2026-06-01T15:22:00+02:00,1.38402,1.38423,1.38392,1.38419,53
2026-06-01T15:23:00+02:00,1.3841700000000001,1.3841700000000001,1.38406,1.38412,41
2026-06-01T15:24:00+02:00,1.38414,1.38414,1.38368,1.38368,56
2026-06-01T15:25:00+02:00,1.38369,1.38369,1.38313,1.38313,68
2026-06-01T15:26:00+02:00,1.38312,1.38341,1.38309,1.38331,55
2026-06-01T15:27:00+02:00,1.3833199999999999,1.38339,1.38311,1.3832,53
2026-06-01T15:28:00+02:00,1.3832,1.38345,1.38311,1.38341,54
2026-06-01T15:29:00+02:00,1.38338,1.3835,1.38328,1.3835,52
2026-06-01T15:30:00+02:00,1.3835,1.38397,1.38345,1.3839000000000001,79
2026-06-01T15:31:00+02:00,1.38392,1.38394,1.38376,1.38389,63
2026-06-01T15:32:00+02:00,1.38388,1.38389,1.3836300000000001,1.3836300000000001,52
2026-06-01T15:33:00+02:00,1.3836300000000001,1.38375,1.38361,1.38373,59
2026-06-01T15:34:00+02:00,1.38371,1.38382,1.38364,1.3838,47
2026-06-01T15:35:00+02:00,1.38379,1.38379,1.38361,1.38368,48
2026-06-01T15:36:00+02:00,1.38366,1.38402,1.38366,1.38394,42
2026-06-01T15:37:00+02:00,1.38394,1.38408,1.38384,1.38406,53
2026-06-01T15:38:00+02:00,1.38407,1.38409,1.38377,1.38377,59
2026-06-01T15:39:00+02:00,1.38377,1.38377,1.38357,1.38358,39
2026-06-01T15:40:00+02:00,1.38357,1.38376,1.38357,1.38376,46
2026-06-01T15:41:00+02:00,1.38375,1.38396,1.38375,1.38388,43
2026-06-01T15:42:00+02:00,1.38388,1.38388,1.38371,1.3838,41
2026-06-01T15:43:00+02:00,1.3838,1.38414,1.38378,1.38413,29
2026-06-01T15:44:00+02:00,1.38413,1.38446,1.38413,1.3844400000000001,50
2026-06-01T15:45:00+02:00,1.38446,1.3845100000000001,1.3842400000000001,1.38432,30
2026-06-01T15:46:00+02:00,1.38433,1.38441,1.38419,1.38426,38
2026-06-01T15:47:00+02:00,1.38425,1.38425,1.38394,1.38394,39
2026-06-01T15:48:00+02:00,1.38394,1.38413,1.3839299999999999,1.38404,48
2026-06-01T15:49:00+02:00,1.38404,1.3841700000000001,1.38404,1.38414,45
2026-06-01T15:50:00+02:00,1.38414,1.38426,1.38406,1.38425,46
2026-06-01T15:51:00+02:00,1.38425,1.3848099999999999,1.3842400000000001,1.38465,62
2026-06-01T15:52:00+02:00,1.38465,1.38465,1.38449,1.38449,57
2026-06-01T15:53:00+02:00,1.3845,1.38467,1.3844699999999999,1.38452,58
2026-06-01T15:54:00+02:00,1.38453,1.3847,1.38433,1.38436,62
2026-06-01T15:55:00+02:00,1.38435,1.38464,1.38435,1.38457,52
2026-06-01T15:56:00+02:00,1.38457,1.38464,1.38435,1.38448,44
2026-06-01T15:57:00+02:00,1.3845,1.3845,1.38406,1.38406,32
2026-06-01T15:58:00+02:00,1.38404,1.38418,1.38395,1.38418,37
2026-06-01T15:59:00+02:00,1.38421,1.38431,1.38414,1.38431,43
2026-06-01T16:00:00+02:00,1.38435,1.38455,1.38419,1.38452,44
2026-06-01T16:01:00+02:00,1.38452,1.38453,1.3842400000000001,1.38432,39
2026-06-01T16:02:00+02:00,1.38431,1.38461,1.3843,1.38461,33
2026-06-01T16:03:00+02:00,1.38463,1.38467,1.38442,1.38455,54
2026-06-01T16:04:00+02:00,1.38455,1.3848099999999999,1.38453,1.3847,52
2026-06-01T16:05:00+02:00,1.3847,1.38475,1.38453,1.38457,45
2026-06-01T16:06:00+02:00,1.38459,1.3847,1.38456,1.3846,47
2026-06-01T16:07:00+02:00,1.38459,1.38471,1.38452,1.3847,38
2026-06-01T16:08:00+02:00,1.38472,1.38487,1.38462,1.38469,45
2026-06-01T16:09:00+02:00,1.38469,1.38474,1.3845399999999999,1.38455,46
2026-06-01T16:10:00+02:00,1.38455,1.38469,1.3845399999999999,1.38462,41
2026-06-01T16:11:00+02:00,1.38462,1.38462,1.38432,1.38443,62
2026-06-01T16:12:00+02:00,1.38443,1.38452,1.3844,1.38443,31
2026-06-01T16:13:00+02:00,1.38445,1.38461,1.38442,1.38452,39
2026-06-01T16:14:00+02:00,1.38452,1.38452,1.38434,1.38434,43
2026-06-01T16:15:00+02:00,1.38433,1.3845100000000001,1.38422,1.3845100000000001,43
2026-06-01T16:16:00+02:00,1.3845100000000001,1.3845100000000001,1.38406,1.38432,72
2026-06-01T16:17:00+02:00,1.3843,1.38436,1.38425,1.38426,43
2026-06-01T16:18:00+02:00,1.38425,1.38438,1.38416,1.38418,47
2026-06-01T16:19:00+02:00,1.3841700000000001,1.3841700000000001,1.38404,1.38412,38
2026-06-01T16:20:00+02:00,1.38412,1.38422,1.38411,1.38421,33
2026-06-01T16:21:00+02:00,1.38423,1.38441,1.38421,1.38421,52
2026-06-01T16:22:00+02:00,1.38421,1.38422,1.38414,1.38421,20
2026-06-01T16:23:00+02:00,1.38418,1.38427,1.38416,1.38422,25
2026-06-01T16:24:00+02:00,1.38422,1.38434,1.38421,1.3843,25
2026-06-01T16:25:00+02:00,1.38428,1.3844699999999999,1.38427,1.38446,33
2026-06-01T16:26:00+02:00,1.38446,1.38448,1.38431,1.38441,39
2026-06-01T16:27:00+02:00,1.38441,1.38442,1.38433,1.38439,29
2026-06-01T16:28:00+02:00,1.38437,1.38439,1.38421,1.38423,30
2026-06-01T16:29:00+02:00,1.3842400000000001,1.38435,1.38421,1.38421,29
2026-06-01T16:30:00+02:00,1.38423,1.38431,1.38419,1.38422,30
2026-06-01T16:31:00+02:00,1.3842400000000001,1.3846,1.3842400000000001,1.3846,34
2026-06-01T16:32:00+02:00,1.38461,1.3847,1.38446,1.3845100000000001,47
2026-06-01T16:33:00+02:00,1.38448,1.3846,1.38436,1.38445,38
2026-06-01T16:34:00+02:00,1.3844699999999999,1.38455,1.38443,1.3845,28
2026-06-01T16:35:00+02:00,1.3845,1.3845399999999999,1.38434,1.38441,27
2026-06-01T16:36:00+02:00,1.38442,1.38446,1.38431,1.38439,35
2026-06-01T16:37:00+02:00,1.38439,1.38442,1.38434,1.3844,29
2026-06-01T16:38:00+02:00,1.3844,1.3844,1.3843,1.38431,26
2026-06-01T16:39:00+02:00,1.38429,1.38432,1.38416,1.3841700000000001,31
2026-06-01T16:40:00+02:00,1.3841700000000001,1.38421,1.38398,1.38406,27
2026-06-01T16:41:00+02:00,1.38405,1.38412,1.38404,1.3841,16
2026-06-01T16:42:00+02:00,1.38408,1.38412,1.384,1.38411,28
2026-06-01T16:43:00+02:00,1.38411,1.38433,1.38408,1.38433,31
2026-06-01T16:44:00+02:00,1.38433,1.38439,1.38422,1.3842400000000001,26
2026-06-01T16:45:00+02:00,1.3842400000000001,1.3842400000000001,1.38414,1.38414,20
2026-06-01T16:46:00+02:00,1.38414,1.38419,1.38413,1.38415,16
2026-06-01T16:47:00+02:00,1.38414,1.38421,1.38412,1.38412,24
2026-06-01T16:48:00+02:00,1.38413,1.38432,1.38413,1.3843,22
2026-06-01T16:49:00+02:00,1.3843,1.38456,1.3843,1.38456,26
2026-06-01T16:50:00+02:00,1.38457,1.38464,1.3844400000000001,1.3845399999999999,36
2026-06-01T16:51:00+02:00,1.3845399999999999,1.38465,1.3844699999999999,1.38457,37
2026-06-01T16:52:00+02:00,1.38455,1.38462,1.38448,1.38456,41
2026-06-01T16:53:00+02:00,1.38457,1.38458,1.3841700000000001,1.3841999999999999,55
2026-06-01T16:54:00+02:00,1.38421,1.38428,1.3841700000000001,1.3842400000000001,46
2026-06-01T16:55:00+02:00,1.38423,1.38431,1.38418,1.38425,46
2026-06-01T16:56:00+02:00,1.38422,1.38427,1.38408,1.38422,40
2026-06-01T16:57:00+02:00,1.3841999999999999,1.3844400000000001,1.38409,1.38415,56
2026-06-01T16:58:00+02:00,1.38414,1.38415,1.38399,1.384,31
2026-06-01T16:59:00+02:00,1.384,1.38407,1.38398,1.38405,21
2026-06-01T17:00:00+02:00,1.38406,1.38406,1.38401,1.38402,15
2026-06-01T17:01:00+02:00,1.38402,1.38414,1.384,1.38405,29
2026-06-01T17:02:00+02:00,1.38405,1.38414,1.38387,1.38387,43
2026-06-01T17:03:00+02:00,1.3838599999999999,1.38403,1.38385,1.384,32
2026-06-01T17:04:00+02:00,1.38399,1.384,1.38361,1.38369,36
2026-06-01T17:05:00+02:00,1.38369,1.38388,1.3836300000000001,1.3836300000000001,50
2026-06-01T17:06:00+02:00,1.38365,1.38371,1.38358,1.38358,40
2026-06-01T17:07:00+02:00,1.38358,1.38394,1.38358,1.38394,47
2026-06-01T17:08:00+02:00,1.3839299999999999,1.38394,1.38384,1.38389,39
2026-06-01T17:09:00+02:00,1.38387,1.38389,1.38371,1.38371,35
2026-06-01T17:10:00+02:00,1.38371,1.38374,1.3836300000000001,1.38369,35
2026-06-01T17:11:00+02:00,1.38368,1.38374,1.38366,1.38368,22
2026-06-01T17:12:00+02:00,1.38368,1.3838300000000001,1.38367,1.38367,35
2026-06-01T17:13:00+02:00,1.38369,1.38375,1.38366,1.38368,17
2026-06-01T17:14:00+02:00,1.38367,1.38368,1.3835600000000001,1.38364,39
2026-06-01T17:15:00+02:00,1.38362,1.38362,1.38354,1.38355,20
2026-06-01T17:16:00+02:00,1.38355,1.38358,1.38348,1.38349,27
2026-06-01T17:17:00+02:00,1.38349,1.38358,1.3834,1.38358,29
2026-06-01T17:18:00+02:00,1.38358,1.38369,1.38358,1.38361,18
2026-06-01T17:19:00+02:00,1.38361,1.38361,1.3835600000000001,1.3835600000000001,17
2026-06-01T17:20:00+02:00,1.3835600000000001,1.38366,1.38337,1.38337,36
2026-06-01T17:21:00+02:00,1.38335,1.38335,1.3832900000000001,1.3833,13
2026-06-01T17:22:00+02:00,1.3833,1.38336,1.38328,1.38334,23
2026-06-01T17:23:00+02:00,1.38336,1.38337,1.38335,1.38335,8
2026-06-01T17:24:00+02:00,1.38335,1.38335,1.38326,1.38335,18
2026-06-01T17:25:00+02:00,1.38335,1.38335,1.38327,1.3832900000000001,15
2026-06-01T17:26:00+02:00,1.38328,1.38343,1.38327,1.38337,29
2026-06-01T17:27:00+02:00,1.38337,1.38339,1.38337,1.38338,6
2026-06-01T17:28:00+02:00,1.38338,1.38338,1.38307,1.38308,31
2026-06-01T17:29:00+02:00,1.38308,1.3831,1.38296,1.3829799999999999,31
2026-06-01T17:30:00+02:00,1.38299,1.38299,1.38269,1.38292,98
2026-06-01T17:31:00+02:00,1.3829099999999999,1.3829099999999999,1.38265,1.38286,72
2026-06-01T17:32:00+02:00,1.38284,1.38289,1.38277,1.3828,35
2026-06-01T17:33:00+02:00,1.38279,1.3829500000000001,1.38279,1.38282,31
2026-06-01T17:34:00+02:00,1.38283,1.38299,1.38282,1.3829799999999999,41
2026-06-01T17:35:00+02:00,1.38299,1.38321,1.38299,1.38316,50
2026-06-01T17:36:00+02:00,1.38317,1.3833,1.3831,1.38317,45
2026-06-01T17:37:00+02:00,1.38317,1.3833,1.38316,1.3832499999999999,35
2026-06-01T17:38:00+02:00,1.38324,1.38331,1.38321,1.38327,34
2026-06-01T17:39:00+02:00,1.38327,1.3833,1.38317,1.38317,26
2026-06-01T17:40:00+02:00,1.38318,1.38331,1.38318,1.3832900000000001,24
2026-06-01T17:41:00+02:00,1.3832900000000001,1.3835,1.3832900000000001,1.3835,26
2026-06-01T17:42:00+02:00,1.3835,1.38357,1.38336,1.3835600000000001,31
2026-06-01T17:43:00+02:00,1.38358,1.38369,1.38357,1.38366,16
2026-06-01T17:44:00+02:00,1.38366,1.38366,1.38355,1.3835600000000001,22
2026-06-01T17:45:00+02:00,1.3835600000000001,1.3836,1.38349,1.38355,22
2026-06-01T17:46:00+02:00,1.38355,1.38358,1.38347,1.38353,27
2026-06-01T17:47:00+02:00,1.38353,1.3836,1.38345,1.3835899999999999,23
2026-06-01T17:48:00+02:00,1.3835899999999999,1.38365,1.3835899999999999,1.38364,10
2026-06-01T17:49:00+02:00,1.38364,1.38366,1.3835899999999999,1.38364,17
2026-06-01T17:50:00+02:00,1.3836300000000001,1.3838300000000001,1.3836300000000001,1.3838300000000001,28
2026-06-01T17:51:00+02:00,1.3838,1.38385,1.38378,1.38385,21
2026-06-01T17:52:00+02:00,1.38385,1.38398,1.38385,1.38391,24
2026-06-01T17:53:00+02:00,1.38391,1.38392,1.3838,1.3838300000000001,24
2026-06-01T17:54:00+02:00,1.3838300000000001,1.3839000000000001,1.3838300000000001,1.38388,14
2026-06-01T17:55:00+02:00,1.3839000000000001,1.38395,1.38374,1.38377,33
2026-06-01T17:56:00+02:00,1.38376,1.38378,1.38368,1.38368,24
2026-06-01T17:57:00+02:00,1.38367,1.38367,1.38353,1.3836300000000001,31
2026-06-01T17:58:00+02:00,1.3836300000000001,1.38382,1.3836300000000001,1.3838,21
2026-06-01T17:59:00+02:00,1.38381,1.38382,1.38374,1.38375,17
2026-06-01T18:00:00+02:00,1.38375,1.38375,1.38354,1.3836,34
2026-06-01T18:01:00+02:00,1.3836,1.38372,1.3835899999999999,1.38367,26
2026-06-01T18:02:00+02:00,1.38366,1.3838300000000001,1.38364,1.38382,20
2026-06-01T18:03:00+02:00,1.38382,1.3839299999999999,1.38382,1.38384,16
2026-06-01T18:04:00+02:00,1.38382,1.38392,1.3838,1.38388,19
2026-06-01T18:05:00+02:00,1.38388,1.38391,1.3838599999999999,1.38389,21
2026-06-01T18:06:00+02:00,1.38389,1.38396,1.38384,1.38396,18
2026-06-01T18:07:00+02:00,1.38396,1.38401,1.38394,1.38401,19
2026-06-01T18:08:00+02:00,1.38401,1.38404,1.38395,1.38403,14
2026-06-01T18:09:00+02:00,1.38401,1.38407,1.38401,1.38406,13
2026-06-01T18:10:00+02:00,1.38404,1.38411,1.38403,1.38407,19
2026-06-01T18:11:00+02:00,1.38407,1.38407,1.38394,1.38394,23
2026-06-01T18:12:00+02:00,1.3839299999999999,1.38412,1.3839299999999999,1.38412,20
2026-06-01T18:13:00+02:00,1.38411,1.38411,1.38395,1.38405,19
2026-06-01T18:14:00+02:00,1.38403,1.38405,1.38395,1.38398,14
2026-06-01T18:15:00+02:00,1.38398,1.38413,1.38398,1.38413,19
2026-06-01T18:16:00+02:00,1.38413,1.38421,1.38412,1.38421,9
2026-06-01T18:17:00+02:00,1.38421,1.38422,1.38415,1.38422,13
2026-06-01T18:18:00+02:00,1.38421,1.38428,1.38421,1.38425,18
2026-06-01T18:19:00+02:00,1.38425,1.38426,1.38418,1.38418,20
2026-06-01T18:20:00+02:00,1.38418,1.38419,1.3838300000000001,1.38391,32
2026-06-01T18:21:00+02:00,1.3839299999999999,1.38395,1.38391,1.38392,9
2026-06-01T18:22:00+02:00,1.38392,1.3839299999999999,1.38384,1.38384,22
2026-06-01T18:23:00+02:00,1.38384,1.38384,1.38375,1.3838300000000001,27
2026-06-01T18:24:00+02:00,1.38382,1.38384,1.38382,1.38384,8
2026-06-01T18:25:00+02:00,1.38384,1.38385,1.38374,1.3838,13
2026-06-01T18:26:00+02:00,1.38379,1.38379,1.38355,1.38355,19
2026-06-01T18:27:00+02:00,1.38355,1.38365,1.38355,1.38365,13
2026-06-01T18:28:00+02:00,1.38365,1.38369,1.38365,1.38366,11
2026-06-01T18:29:00+02:00,1.38366,1.38367,1.38355,1.38358,30
2026-06-01T18:30:00+02:00,1.3835600000000001,1.38367,1.38349,1.38367,33
2026-06-01T18:31:00+02:00,1.38367,1.38375,1.38365,1.38372,23
2026-06-01T18:32:00+02:00,1.38374,1.38379,1.38362,1.38379,32
2026-06-01T18:33:00+02:00,1.38379,1.3838,1.38368,1.38372,28
2026-06-01T18:34:00+02:00,1.3837,1.38381,1.3836300000000001,1.38365,23
2026-06-01T18:35:00+02:00,1.38365,1.38366,1.38351,1.38352,19
2026-06-01T18:36:00+02:00,1.38352,1.38352,1.38336,1.38344,26
2026-06-01T18:37:00+02:00,1.38345,1.38345,1.3832900000000001,1.38335,31
2026-06-01T18:38:00+02:00,1.38337,1.38348,1.38337,1.38337,23
2026-06-01T18:39:00+02:00,1.38337,1.38341,1.38335,1.38337,11
2026-06-01T18:40:00+02:00,1.38337,1.3835600000000001,1.38336,1.3835600000000001,18
2026-06-01T18:41:00+02:00,1.3835600000000001,1.38358,1.38348,1.38348,12
2026-06-01T18:42:00+02:00,1.38348,1.38353,1.38346,1.38349,16
2026-06-01T18:43:00+02:00,1.38349,1.38352,1.38343,1.38347,25
2026-06-01T18:44:00+02:00,1.38347,1.3835,1.38346,1.3835,11
2026-06-01T18:45:00+02:00,1.38349,1.3835,1.38346,1.38347,13
2026-06-01T18:46:00+02:00,1.38347,1.38348,1.38339,1.3834,12
2026-06-01T18:47:00+02:00,1.38339,1.38347,1.38331,1.38331,28
2026-06-01T18:48:00+02:00,1.3833,1.38331,1.3832,1.38324,28
2026-06-01T18:49:00+02:00,1.3832200000000001,1.3832900000000001,1.38312,1.38312,27
2026-06-01T18:50:00+02:00,1.38311,1.38311,1.38299,1.38299,26
2026-06-01T18:51:00+02:00,1.3829799999999999,1.38308,1.38296,1.38304,22
2026-06-01T18:52:00+02:00,1.38304,1.38305,1.38278,1.38285,45
2026-06-01T18:53:00+02:00,1.38284,1.38289,1.38272,1.38282,51
2026-06-01T18:54:00+02:00,1.38282,1.3829500000000001,1.38276,1.3828,35
2026-06-01T18:55:00+02:00,1.38279,1.38288,1.38276,1.38285,40
2026-06-01T18:56:00+02:00,1.38284,1.38294,1.38283,1.38283,39
2026-06-01T18:57:00+02:00,1.38283,1.38285,1.38277,1.38282,21
2026-06-01T18:58:00+02:00,1.38283,1.38283,1.38277,1.38277,21
2026-06-01T18:59:00+02:00,1.38275,1.38281,1.38274,1.38277,21
2026-06-01T19:00:00+02:00,1.38275,1.38281,1.3827,1.38274,36
2026-06-01T19:01:00+02:00,1.38274,1.3829,1.38274,1.38277,34
2026-06-01T19:02:00+02:00,1.38277,1.38282,1.38275,1.38279,29
2026-06-01T19:03:00+02:00,1.38279,1.3829500000000001,1.38279,1.3829500000000001,28
2026-06-01T19:04:00+02:00,1.3829500000000001,1.3829500000000001,1.3829,1.3829,20
2026-06-01T19:05:00+02:00,1.3829,1.3829099999999999,1.38289,1.38289,6
2026-06-01T19:06:00+02:00,1.38289,1.383,1.38289,1.383,11
2026-06-01T19:07:00+02:00,1.38299,1.38305,1.38299,1.3830200000000001,22
2026-06-01T19:08:00+02:00,1.3830200000000001,1.38306,1.38301,1.38305,17
2026-06-01T19:09:00+02:00,1.38305,1.38311,1.38304,1.38306,16
2026-06-01T19:10:00+02:00,1.38306,1.38309,1.38299,1.383,16
2026-06-01T19:11:00+02:00,1.38301,1.38308,1.383,1.38308,11
2026-06-01T19:12:00+02:00,1.38308,1.38311,1.38304,1.3831,17
2026-06-01T19:13:00+02:00,1.3831,1.38314,1.38307,1.38309,15
2026-06-01T19:14:00+02:00,1.38309,1.38311,1.38309,1.3831,9
2026-06-01T19:15:00+02:00,1.3831,1.38311,1.38308,1.38309,9
2026-06-01T19:16:00+02:00,1.38309,1.38312,1.38308,1.3831,10
2026-06-01T19:17:00+02:00,1.38312,1.3832,1.3831,1.38312,22
2026-06-01T19:18:00+02:00,1.38312,1.38318,1.38308,1.38308,22
2026-06-01T19:19:00+02:00,1.38308,1.38308,1.383,1.383,16
2026-06-01T19:20:00+02:00,1.383,1.3830200000000001,1.38292,1.38292,12
2026-06-01T19:21:00+02:00,1.38292,1.38294,1.38286,1.3829099999999999,17
2026-06-01T19:22:00+02:00,1.3829099999999999,1.3829099999999999,1.38278,1.38279,14
2026-06-01T19:23:00+02:00,1.38279,1.3828,1.38278,1.3828,7
2026-06-01T19:24:00+02:00,1.3828,1.38287,1.38275,1.38281,16
2026-06-01T19:25:00+02:00,1.38281,1.38284,1.3828,1.38283,10
2026-06-01T19:26:00+02:00,1.38283,1.38285,1.38275,1.3828,20
2026-06-01T19:27:00+02:00,1.38281,1.3829099999999999,1.3828,1.3829099999999999,15
2026-06-01T19:28:00+02:00,1.3829099999999999,1.38309,1.3829099999999999,1.3830200000000001,23
2026-06-01T19:29:00+02:00,1.3830200000000001,1.38316,1.38282,1.38284,39
2026-06-01T19:30:00+02:00,1.38282,1.38307,1.3827,1.38292,74
2026-06-01T19:31:00+02:00,1.3829099999999999,1.38296,1.38288,1.38288,34
2026-06-01T19:32:00+02:00,1.38287,1.3829799999999999,1.38283,1.3829,31
2026-06-01T19:33:00+02:00,1.3829,1.38294,1.38282,1.38293,26
2026-06-01T19:34:00+02:00,1.38293,1.38304,1.3829099999999999,1.38303,25
2026-06-01T19:35:00+02:00,1.38304,1.38305,1.38303,1.38303,7
2026-06-01T19:36:00+02:00,1.38301,1.38308,1.38296,1.38308,28
2026-06-01T19:37:00+02:00,1.38305,1.38312,1.38303,1.38303,26
2026-06-01T19:38:00+02:00,1.38303,1.38304,1.38297,1.38303,13
2026-06-01T19:39:00+02:00,1.38303,1.38312,1.38303,1.38312,15
2026-06-01T19:40:00+02:00,1.38313,1.38318,1.38301,1.38307,27
2026-06-01T19:41:00+02:00,1.38309,1.38309,1.3830200000000001,1.38303,19
2026-06-01T19:42:00+02:00,1.38303,1.38308,1.383,1.38303,17
2026-06-01T19:43:00+02:00,1.3830200000000001,1.38304,1.38273,1.3829099999999999,54
2026-06-01T19:44:00+02:00,1.3829099999999999,1.38296,1.3829,1.38292,27
2026-06-01T19:45:00+02:00,1.38292,1.38292,1.38285,1.3829099999999999,12
2026-06-01T19:46:00+02:00,1.3829099999999999,1.38293,1.38285,1.38285,26
2026-06-01T19:47:00+02:00,1.38286,1.38294,1.38286,1.38293,13
2026-06-01T19:48:00+02:00,1.38293,1.38297,1.38293,1.38296,10
2026-06-01T19:49:00+02:00,1.3829500000000001,1.38304,1.38294,1.38304,17
2026-06-01T19:50:00+02:00,1.38304,1.38313,1.38296,1.38297,29
2026-06-01T19:51:00+02:00,1.3829500000000001,1.38296,1.38292,1.38294,18
2026-06-01T19:52:00+02:00,1.38294,1.38296,1.38289,1.38289,16
2026-06-01T19:53:00+02:00,1.38289,1.38306,1.38289,1.38306,17
2026-06-01T19:54:00+02:00,1.38306,1.3831,1.38306,1.38308,9
2026-06-01T19:55:00+02:00,1.38308,1.38308,1.38299,1.38305,14
2026-06-01T19:56:00+02:00,1.38305,1.38307,1.38301,1.38301,11
2026-06-01T19:57:00+02:00,1.38301,1.38315,1.38301,1.38315,16
2026-06-01T19:58:00+02:00,1.38315,1.38316,1.38315,1.38316,2
2026-06-01T19:59:00+02:00,1.38316,1.38319,1.3831,1.3831,18
2026-06-01T20:00:00+02:00,1.38313,1.38316,1.38307,1.38308,15
2026-06-01T20:01:00+02:00,1.38308,1.38311,1.38308,1.3831,9
2026-06-01T20:02:00+02:00,1.3831,1.38316,1.38307,1.38316,23
2026-06-01T20:03:00+02:00,1.38316,1.3832200000000001,1.38316,1.3832,13
2026-06-01T20:04:00+02:00,1.3832,1.38328,1.3832,1.38326,21
2026-06-01T20:05:00+02:00,1.38326,1.38326,1.38317,1.38317,10
2026-06-01T20:06:00+02:00,1.38316,1.38316,1.38316,1.38316,1
2026-06-01T20:07:00+02:00,1.38316,1.38336,1.38316,1.38336,22
2026-06-01T20:08:00+02:00,1.38335,1.38337,1.3833,1.38333,16
2026-06-01T20:09:00+02:00,1.38333,1.38334,1.3832499999999999,1.38326,16
2026-06-01T20:10:00+02:00,1.38326,1.38331,1.38326,1.3833,11
2026-06-01T20:11:00+02:00,1.3833,1.38337,1.3833,1.38337,8
2026-06-01T20:12:00+02:00,1.38337,1.38341,1.38335,1.38336,10
2026-06-01T20:13:00+02:00,1.38336,1.38342,1.38335,1.38336,13
2026-06-01T20:14:00+02:00,1.38336,1.38336,1.38327,1.38327,14
2026-06-01T20:15:00+02:00,1.3832499999999999,1.38337,1.3832499999999999,1.38337,12
2026-06-01T20:16:00+02:00,1.38337,1.38339,1.38326,1.38328,18
2026-06-01T20:17:00+02:00,1.38328,1.38335,1.38326,1.38335,17
2026-06-01T20:18:00+02:00,1.38335,1.38335,1.38327,1.3832900000000001,12
2026-06-01T20:19:00+02:00,1.3832900000000001,1.38333,1.38327,1.38331,19
2026-06-01T20:20:00+02:00,1.38331,1.38335,1.3832900000000001,1.38334,17
2026-06-01T20:21:00+02:00,1.38334,1.38343,1.38328,1.38342,14
2026-06-01T20:22:00+02:00,1.3834,1.38347,1.38339,1.38339,16
2026-06-01T20:23:00+02:00,1.38339,1.38346,1.38339,1.38346,9
2026-06-01T20:24:00+02:00,1.38345,1.38346,1.38337,1.38337,8
2026-06-01T20:25:00+02:00,1.3834,1.3834,1.38338,1.38338,9
2026-06-01T20:26:00+02:00,1.38338,1.38344,1.38338,1.38344,9
2026-06-01T20:27:00+02:00,1.38344,1.38345,1.38344,1.38344,7
2026-06-01T20:28:00+02:00,1.38344,1.38349,1.38343,1.38348,9
2026-06-01T20:29:00+02:00,1.38348,1.38355,1.38347,1.38354,15
2026-06-01T20:30:00+02:00,1.38354,1.3835600000000001,1.38353,1.3835600000000001,11
2026-06-01T20:31:00+02:00,1.3835600000000001,1.38364,1.38354,1.3836300000000001,10
2026-06-01T20:32:00+02:00,1.3836300000000001,1.38364,1.3835899999999999,1.38364,10
2026-06-01T20:33:00+02:00,1.38365,1.38368,1.38365,1.38365,10
2026-06-01T20:34:00+02:00,1.38365,1.38369,1.38364,1.38368,12
2026-06-01T20:35:00+02:00,1.38367,1.3837,1.3836300000000001,1.38365,12
2026-06-01T20:36:00+02:00,1.38365,1.38365,1.38362,1.3836300000000001,9
2026-06-01T20:37:00+02:00,1.3836300000000001,1.38367,1.3836,1.38367,11
2026-06-01T20:38:00+02:00,1.38368,1.38372,1.38364,1.38366,16
2026-06-01T20:39:00+02:00,1.38366,1.38373,1.38366,1.38373,24
2026-06-01T20:40:00+02:00,1.38373,1.38374,1.38366,1.3837,16
2026-06-01T20:41:00+02:00,1.3837,1.38374,1.38368,1.38371,25
2026-06-01T20:42:00+02:00,1.38371,1.38371,1.38364,1.38368,11
2026-06-01T20:43:00+02:00,1.38368,1.38371,1.38365,1.38371,11
2026-06-01T20:44:00+02:00,1.38371,1.38374,1.38368,1.38369,10
2026-06-01T20:45:00+02:00,1.3837,1.38373,1.3837,1.38373,7
2026-06-01T20:46:00+02:00,1.38371,1.38372,1.3837,1.38372,9
2026-06-01T20:47:00+02:00,1.38372,1.38385,1.38372,1.38384,13
2026-06-01T20:48:00+02:00,1.38384,1.38384,1.38375,1.38377,9
2026-06-01T20:49:00+02:00,1.38376,1.38391,1.38376,1.38391,16
2026-06-01T20:50:00+02:00,1.38391,1.38395,1.38385,1.38385,17
2026-06-01T20:51:00+02:00,1.38385,1.38388,1.38382,1.3838300000000001,14
2026-06-01T20:52:00+02:00,1.3838300000000001,1.38391,1.3838300000000001,1.38385,21
2026-06-01T20:53:00+02:00,1.3838599999999999,1.3838599999999999,1.38382,1.38384,8
2026-06-01T20:54:00+02:00,1.38384,1.38385,1.38382,1.38385,7
2026-06-01T20:55:00+02:00,1.38385,1.38398,1.38385,1.38395,22
2026-06-01T20:56:00+02:00,1.38395,1.38397,1.38392,1.3839299999999999,14
2026-06-01T20:57:00+02:00,1.3839299999999999,1.38401,1.3839299999999999,1.38394,25
2026-06-01T20:58:00+02:00,1.38394,1.38397,1.38387,1.38387,18
2026-06-01T20:59:00+02:00,1.38389,1.38411,1.38389,1.38411,30
2026-06-01T21:00:00+02:00,1.38412,1.38423,1.38411,1.38415,24
2026-06-01T21:01:00+02:00,1.38415,1.38415,1.38412,1.38414,9
2026-06-01T21:02:00+02:00,1.38414,1.38414,1.38401,1.38405,18
2026-06-01T21:03:00+02:00,1.38404,1.38406,1.38404,1.38405,10
2026-06-01T21:04:00+02:00,1.38405,1.38415,1.38405,1.38415,10
2026-06-01T21:05:00+02:00,1.38415,1.38421,1.38412,1.38412,14
2026-06-01T21:06:00+02:00,1.38412,1.38415,1.38407,1.38415,10
2026-06-01T21:07:00+02:00,1.38415,1.38422,1.38414,1.38416,13
2026-06-01T21:08:00+02:00,1.38415,1.38421,1.38413,1.38414,12
2026-06-01T21:09:00+02:00,1.38414,1.38415,1.38413,1.38414,8
2026-06-01T21:10:00+02:00,1.38414,1.38414,1.3841,1.3841,9
2026-06-01T21:11:00+02:00,1.3841,1.38411,1.38405,1.3841,10
2026-06-01T21:12:00+02:00,1.38408,1.3841,1.38403,1.38403,14
2026-06-01T21:13:00+02:00,1.38403,1.38403,1.38401,1.38401,2
2026-06-01T21:14:00+02:00,1.38401,1.38408,1.38401,1.38406,12
2026-06-01T21:15:00+02:00,1.38407,1.3841,1.38403,1.3841,8
2026-06-01T21:16:00+02:00,1.38411,1.38413,1.38408,1.38408,14
2026-06-01T21:17:00+02:00,1.38408,1.3841,1.38402,1.38402,19
2026-06-01T21:18:00+02:00,1.38401,1.38401,1.38394,1.38394,14
2026-06-01T21:19:00+02:00,1.38395,1.38395,1.38388,1.38389,12
2026-06-01T21:20:00+02:00,1.38389,1.38392,1.38387,1.38391,15
2026-06-01T21:21:00+02:00,1.38391,1.3839299999999999,1.3838599999999999,1.3838599999999999,12
2026-06-01T21:22:00+02:00,1.3838599999999999,1.38397,1.3838599999999999,1.38396,10
2026-06-01T21:23:00+02:00,1.38396,1.38396,1.3839299999999999,1.38394,4
2026-06-01T21:24:00+02:00,1.38394,1.38396,1.3839299999999999,1.3839299999999999,9
2026-06-01T21:25:00+02:00,1.3839299999999999,1.38404,1.3839299999999999,1.38402,11
2026-06-01T21:26:00+02:00,1.38403,1.38404,1.38401,1.38402,6
2026-06-01T21:27:00+02:00,1.38402,1.38403,1.38399,1.38401,11
2026-06-01T21:28:00+02:00,1.38399,1.384,1.38397,1.38397,11
2026-06-01T21:29:00+02:00,1.38396,1.38402,1.38394,1.38394,8
2026-06-01T21:30:00+02:00,1.38394,1.38394,1.38391,1.38392,4
2026-06-01T21:31:00+02:00,1.38392,1.38392,1.38384,1.38384,8
2026-06-01T21:32:00+02:00,1.38385,1.38385,1.38375,1.38375,10
2026-06-01T21:33:00+02:00,1.38375,1.3838300000000001,1.38373,1.3838300000000001,10
2026-06-01T21:34:00+02:00,1.3838300000000001,1.3838300000000001,1.38374,1.38374,7
2026-06-01T21:35:00+02:00,1.38374,1.38382,1.38374,1.38382,11
2026-06-01T21:36:00+02:00,1.38382,1.38382,1.3837,1.38373,13
2026-06-01T21:37:00+02:00,1.38373,1.38379,1.38368,1.38374,21
2026-06-01T21:38:00+02:00,1.38374,1.38375,1.38373,1.38374,9
2026-06-01T21:39:00+02:00,1.38374,1.38377,1.38374,1.38377,3
2026-06-01T21:40:00+02:00,1.38377,1.3838300000000001,1.38377,1.3838300000000001,6
2026-06-01T21:41:00+02:00,1.3838300000000001,1.3838599999999999,1.3838300000000001,1.38385,6
2026-06-01T21:42:00+02:00,1.38384,1.38385,1.38374,1.38375,12
2026-06-01T21:43:00+02:00,1.38375,1.38376,1.38375,1.38376,4
2026-06-01T21:44:00+02:00,1.38376,1.38389,1.38376,1.38388,13
2026-06-01T21:45:00+02:00,1.38389,1.38389,1.3838599999999999,1.38387,6
2026-06-01T21:46:00+02:00,1.3838599999999999,1.3838599999999999,1.38366,1.38369,20
2026-06-01T21:47:00+02:00,1.3837,1.38372,1.38358,1.38358,16
2026-06-01T21:48:00+02:00,1.38358,1.38358,1.38346,1.38347,17
2026-06-01T21:49:00+02:00,1.38346,1.38355,1.38346,1.38352,24
2026-06-01T21:50:00+02:00,1.38354,1.38357,1.38354,1.3835600000000001,9
2026-06-01T21:51:00+02:00,1.3835600000000001,1.3835600000000001,1.38348,1.38352,9
2026-06-01T21:52:00+02:00,1.3835,1.38361,1.38347,1.3836,31
2026-06-01T21:53:00+02:00,1.3836,1.38375,1.3835600000000001,1.38373,30
2026-06-01T21:54:00+02:00,1.38373,1.38382,1.3837,1.38382,18
2026-06-01T21:55:00+02:00,1.3838300000000001,1.3838599999999999,1.38374,1.38375,25
2026-06-01T21:56:00+02:00,1.38375,1.3838300000000001,1.38374,1.38381,13
2026-06-01T21:57:00+02:00,1.38381,1.38395,1.38381,1.3839000000000001,30
2026-06-01T21:58:00+02:00,1.3839000000000001,1.3839000000000001,1.38371,1.38371,21
2026-06-01T21:59:00+02:00,1.38371,1.38376,1.38371,1.38376,17
2026-06-01T22:00:00+02:00,1.38378,1.38381,1.38371,1.38374,14
2026-06-01T22:01:00+02:00,1.38374,1.38376,1.3836300000000001,1.38376,20
2026-06-01T22:02:00+02:00,1.38376,1.38376,1.38364,1.38366,16
2026-06-01T22:03:00+02:00,1.38365,1.38366,1.38364,1.38364,11
2026-06-01T22:04:00+02:00,1.38366,1.38366,1.3835600000000001,1.3835600000000001,7
2026-06-01T22:05:00+02:00,1.3835600000000001,1.38369,1.3835600000000001,1.38369,22
2026-06-01T22:06:00+02:00,1.38369,1.38375,1.38366,1.38371,13
2026-06-01T22:07:00+02:00,1.3837,1.38371,1.38368,1.38368,10
2026-06-01T22:08:00+02:00,1.38368,1.38376,1.38366,1.38376,8
2026-06-01T22:09:00+02:00,1.38376,1.38387,1.38375,1.38385,21
2026-06-01T22:10:00+02:00,1.38385,1.38391,1.38384,1.38391,11
2026-06-01T22:11:00+02:00,1.38391,1.3839299999999999,1.38391,1.38392,5
2026-06-01T22:12:00+02:00,1.38392,1.38394,1.3838300000000001,1.3838599999999999,10
2026-06-01T22:13:00+02:00,1.3838599999999999,1.3838599999999999,1.38376,1.38382,15
2026-06-01T22:14:00+02:00,1.3838300000000001,1.38387,1.38378,1.38384,15
2026-06-01T22:15:00+02:00,1.38384,1.38387,1.3838300000000001,1.3838599999999999,5
2026-06-01T22:16:00+02:00,1.3838599999999999,1.38394,1.38385,1.38394,12
2026-06-01T22:17:00+02:00,1.3839299999999999,1.38401,1.3839299999999999,1.38401,6
2026-06-01T22:18:00+02:00,1.38401,1.38405,1.38401,1.38404,5
2026-06-01T22:19:00+02:00,1.38404,1.38411,1.38404,1.38409,11
2026-06-01T22:20:00+02:00,1.38409,1.38414,1.384,1.384,11
2026-06-01T22:21:00+02:00,1.38401,1.38402,1.384,1.38402,4
2026-06-01T22:22:00+02:00,1.38402,1.38404,1.38402,1.38404,2
2026-06-01T22:23:00+02:00,1.38404,1.38405,1.38404,1.38405,2
2026-06-01T22:24:00+02:00,1.38405,1.38406,1.38405,1.38406,10
2026-06-01T22:25:00+02:00,1.38406,1.38406,1.38399,1.38402,8
2026-06-01T22:26:00+02:00,1.38402,1.38406,1.38402,1.38406,4
2026-06-01T22:27:00+02:00,1.38404,1.38404,1.38403,1.38403,2
2026-06-01T22:28:00+02:00,1.38403,1.38406,1.38403,1.38405,6
2026-06-01T22:29:00+02:00,1.38405,1.38405,1.38402,1.38402,4
2026-06-01T22:30:00+02:00,1.38404,1.38407,1.38404,1.38406,5
2026-06-01T22:31:00+02:00,1.38406,1.38407,1.3839299999999999,1.3839299999999999,12
2026-06-01T22:32:00+02:00,1.38394,1.38395,1.3839299999999999,1.3839299999999999,3
2026-06-01T22:33:00+02:00,1.3839299999999999,1.38395,1.3839000000000001,1.38395,5
2026-06-01T22:34:00+02:00,1.38395,1.38395,1.38391,1.38391,3
2026-06-01T22:35:00+02:00,1.38391,1.38391,1.3839000000000001,1.3839000000000001,2
2026-06-01T22:36:00+02:00,1.3839000000000001,1.38391,1.3839000000000001,1.38391,4
2026-06-01T22:37:00+02:00,1.38391,1.38391,1.3838599999999999,1.3838599999999999,7
2026-06-01T22:38:00+02:00,1.3838599999999999,1.38391,1.3838599999999999,1.3839000000000001,4
2026-06-01T22:39:00+02:00,1.3839000000000001,1.3839000000000001,1.38368,1.38369,17
2026-06-01T22:40:00+02:00,1.38368,1.38377,1.38367,1.38376,11
2026-06-01T22:41:00+02:00,1.38376,1.38376,1.38371,1.38376,18
2026-06-01T22:42:00+02:00,1.38376,1.38376,1.38372,1.38372,14
2026-06-01T22:43:00+02:00,1.38372,1.38376,1.38372,1.38376,3
2026-06-01T22:44:00+02:00,1.38376,1.38378,1.38376,1.38377,4
2026-06-01T22:45:00+02:00,1.38377,1.38387,1.38377,1.38387,11
2026-06-01T22:46:00+02:00,1.38387,1.38387,1.38385,1.38385,9
2026-06-01T22:47:00+02:00,1.38385,1.38388,1.38385,1.3838599999999999,10
2026-06-01T22:48:00+02:00,1.3838599999999999,1.3838599999999999,1.38385,1.38385,6
2026-06-01T22:49:00+02:00,1.38385,1.38391,1.38384,1.38388,12
2026-06-01T22:50:00+02:00,1.38388,1.38395,1.38388,1.38395,7
2026-06-01T22:51:00+02:00,1.38395,1.38397,1.38395,1.38395,5
2026-06-01T22:52:00+02:00,1.38395,1.38406,1.38395,1.38403,11
2026-06-01T22:53:00+02:00,1.38403,1.38406,1.38403,1.38406,13
2026-06-01T22:54:00+02:00,1.38406,1.38407,1.38406,1.38406,3
2026-06-01T22:55:00+02:00,1.38406,1.38406,1.38397,1.38399,16
2026-06-01T22:56:00+02:00,1.38398,1.38401,1.38397,1.384,8
2026-06-01T22:57:00+02:00,1.38403,1.38405,1.38401,1.38403,12
2026-06-01T22:58:00+02:00,1.38403,1.38405,1.38403,1.38403,11
2026-06-01T22:59:00+02:00,1.38405,1.38406,1.38402,1.38402,14
2026-06-01T23:00:00+02:00,1.38403,1.38403,1.38401,1.38401,2
2026-06-01T23:01:00+02:00,1.38403,1.38404,1.384,1.38401,6
2026-06-01T23:02:00+02:00,1.38402,1.38402,1.38398,1.38398,6
2026-06-01T23:04:00+02:00,1.38397,1.38397,1.38397,1.38397,1
2026-06-01T23:05:00+02:00,1.38396,1.38403,1.38396,1.38403,7
2026-06-01T23:06:00+02:00,1.38404,1.38404,1.384,1.38403,11
2026-06-01T23:07:00+02:00,1.38405,1.38406,1.38402,1.38405,8
2026-06-01T23:08:00+02:00,1.38406,1.38406,1.38402,1.38403,12
2026-06-01T23:09:00+02:00,1.38404,1.38405,1.38403,1.38403,6
2026-06-01T23:10:00+02:00,1.38401,1.38405,1.38401,1.38405,4
2026-06-01T23:11:00+02:00,1.38404,1.38405,1.38402,1.38402,5
2026-06-01T23:12:00+02:00,1.38401,1.38402,1.38398,1.38401,7
2026-06-01T23:13:00+02:00,1.38402,1.38402,1.384,1.38402,5
2026-06-01T23:14:00+02:00,1.384,1.38403,1.384,1.38401,4
2026-06-01T23:15:00+02:00,1.384,1.38404,1.38394,1.38394,22
2026-06-01T23:16:00+02:00,1.3839299999999999,1.38398,1.38391,1.38398,16
2026-06-01T23:17:00+02:00,1.38399,1.38399,1.38396,1.38398,16
2026-06-01T23:18:00+02:00,1.38399,1.38401,1.38396,1.38396,15
2026-06-01T23:19:00+02:00,1.38397,1.38402,1.38396,1.38401,12
2026-06-01T23:20:00+02:00,1.384,1.38404,1.38398,1.38404,14
2026-06-01T23:21:00+02:00,1.38403,1.38403,1.384,1.38401,6
2026-06-01T23:22:00+02:00,1.384,1.38403,1.38399,1.38403,7
2026-06-01T23:23:00+02:00,1.38404,1.38404,1.38396,1.384,20
2026-06-01T23:24:00+02:00,1.38398,1.38403,1.38396,1.38399,14
2026-06-01T23:25:00+02:00,1.38401,1.38403,1.38399,1.38401,12
2026-06-01T23:26:00+02:00,1.38399,1.38399,1.38398,1.38398,4
2026-06-01T23:27:00+02:00,1.38399,1.384,1.38397,1.38397,5
2026-06-01T23:28:00+02:00,1.38397,1.38399,1.38397,1.38399,5
2026-06-01T23:29:00+02:00,1.384,1.384,1.38399,1.384,3
2026-06-01T23:30:00+02:00,1.384,1.38404,1.38399,1.38403,10
2026-06-01T23:31:00+02:00,1.38405,1.38405,1.38402,1.38404,12
2026-06-01T23:32:00+02:00,1.38404,1.38405,1.38403,1.38404,7
2026-06-01T23:33:00+02:00,1.38404,1.38406,1.38402,1.38406,6
2026-06-01T23:34:00+02:00,1.38406,1.38406,1.38403,1.38405,10
2026-06-01T23:35:00+02:00,1.38405,1.38405,1.38401,1.38401,7
2026-06-01T23:36:00+02:00,1.38401,1.38404,1.384,1.38404,8
2026-06-01T23:37:00+02:00,1.38404,1.38407,1.38403,1.38407,7
2026-06-01T23:38:00+02:00,1.38406,1.38407,1.38406,1.38406,5
2026-06-01T23:39:00+02:00,1.38407,1.38407,1.38405,1.38406,6
2026-06-01T23:40:00+02:00,1.38405,1.38406,1.38404,1.38405,5
2026-06-01T23:41:00+02:00,1.38404,1.38404,1.38399,1.38401,12
2026-06-01T23:42:00+02:00,1.38401,1.38408,1.38401,1.38406,10
2026-06-01T23:43:00+02:00,1.38406,1.38409,1.38405,1.38408,9
2026-06-01T23:44:00+02:00,1.38408,1.38409,1.38407,1.38407,5
2026-06-01T23:45:00+02:00,1.38407,1.38409,1.38407,1.38409,4
2026-06-01T23:46:00+02:00,1.38409,1.38409,1.38407,1.38408,8
2026-06-01T23:47:00+02:00,1.38408,1.38409,1.38407,1.38408,13
2026-06-01T23:48:00+02:00,1.38408,1.38409,1.38407,1.38407,5
2026-06-01T23:49:00+02:00,1.38408,1.38408,1.38406,1.38406,7
2026-06-01T23:50:00+02:00,1.38405,1.38406,1.38404,1.38406,8
2026-06-01T23:51:00+02:00,1.38406,1.38406,1.38404,1.38404,3
2026-06-01T23:52:00+02:00,1.38403,1.38404,1.38402,1.38403,5
2026-06-01T23:53:00+02:00,1.38403,1.38407,1.38402,1.38407,13
2026-06-01T23:54:00+02:00,1.38407,1.38409,1.38406,1.38409,4
2026-06-01T23:55:00+02:00,1.3841,1.3841,1.3838,1.3838,31
2026-06-01T23:56:00+02:00,1.3838,1.3838,1.38375,1.38377,20
2026-06-01T23:57:00+02:00,1.38377,1.38381,1.38375,1.38378,12
2026-06-01T23:58:00+02:00,1.38378,1.3838,1.3837,1.38377,25
2026-06-01T23:59:00+02:00,1.38378,1.38382,1.38377,1.38378,20
